,Lipid Comp,Head,Tail,All Edges,Common Tail Edges,Common Head Edges,Exclusive Edges
0,DAPC,DA,PC,"[('C5A', 'D4A'), ('C5B', 'D4B'), ('D1A', 'D2A'), ('D1A', 'GL1'), ('D1B', 'D2B'), ('D1B', 'GL2'), ('D2A', 'D3A'), ('D2B', 'D3B'), ('D3A', 'D4A'), ('D3B', 'D4B'), ('GL1', 'GL2'), ('GL1', 'PO4'), ('NC3', 'PO4')]","{('PO4', 'GL1'), ('GL1', 'GL2'), ('NC3', 'PO4')}","{('D2A', 'D3A'), ('D3A', 'D4A'), ('D1B', 'D2B'), ('PO4', 'GL1'), ('GL2', 'D1B'), ('D1A', 'D2A'), ('D4A', 'C5A'), ('GL1', 'D1A'), ('D4B', 'C5B'), ('D3B', 'D4B'), ('GL1', 'GL2'), ('D2B', 'D3B')}","{('D1B', 'GL2'), ('C5A', 'D4A'), ('D1A', 'GL1'), ('C5B', 'D4B'), ('GL1', 'PO4')}"
1,DBPC,DB,PC,"[('C1A', 'C2A'), ('C1A', 'GL1'), ('C1B', 'C2B'), ('C1B', 'GL2'), ('C2A', 'C3A'), ('C2B', 'C3B'), ('C3A', 'C4A'), ('C3B', 'C4B'), ('C4A', 'C5A'), ('C4B', 'C5B'), ('GL1', 'GL2'), ('GL1', 'PO4'), ('NC3', 'PO4')]","{('PO4', 'GL1'), ('GL1', 'GL2'), ('NC3', 'PO4')}","{('C3B', 'C4B'), ('C2A', 'C3A'), ('C4B', 'C5B'), ('C2B', 'C3B'), ('C1B', 'C2B'), ('C3A', 'C4A')}","{('C1B', 'GL2'), ('C1A', 'C2A'), ('C4A', 'C5A'), ('C1A', 'GL1'), ('GL1', 'PO4')}"
2,DFPC,DF,PC,"[('C1A', 'D2A'), ('C1A', 'GL1'), ('C1B', 'D2B'), ('C1B', 'GL2'), ('D2A', 'D3A'), ('D2B', 'D3B'), ('D3A', 'D4A'), ('D3B', 'D4B'), ('GL1', 'GL2'), ('GL1', 'PO4'), ('NC3', 'PO4')]","{('PO4', 'GL1'), ('GL1', 'GL2'), ('NC3', 'PO4')}","{('D2A', 'D3A'), ('GL2', 'C1B'), ('C1B', 'D2B'), ('D3A', 'D4A'), ('PO4', 'GL1'), ('C1A', 'D2A'), ('GL1', 'C1A'), ('D3B', 'D4B'), ('GL1', 'GL2'), ('D2B', 'D3B')}","{('C1B', 'GL2'), ('C1A', 'GL1'), ('GL1', 'PO4')}"
3,DGPC,DG,PC,"[('C1A', 'C2A'), ('C1A', 'GL1'), ('C1B', 'C2B'), ('C1B', 'GL2'), ('C2A', 'D3A'), ('C2B', 'D3B'), ('C4A', 'C5A'), ('C4A', 'D3A'), ('C4B', 'C5B'), ('C4B', 'D3B'), ('GL1', 'GL2'), ('GL1', 'PO4'), ('NC3', 'PO4')]","{('PO4', 'GL1'), ('GL1', 'GL2'), ('NC3', 'PO4')}","{('GL2', 'C1B'), ('C1A', 'C2A'), ('C2A', 'D3A'), ('C4B', 'C5B'), ('PO4', 'GL1'), ('C4A', 'C5A'), ('C2B', 'D3B'), ('D3A', 'C4A'), ('GL1', 'C1A'), ('C1B', 'C2B'), ('D3B', 'C4B'), ('GL1', 'GL2')}","{('C1B', 'GL2'), ('C4A', 'D3A'), ('C1A', 'GL1'), ('C4B', 'D3B'), ('GL1', 'PO4')}"
4,DIPC,DI,PC,"[('C1A', 'D2A'), ('C1A', 'GL1'), ('C1B', 'D2B'), ('C1B', 'GL2'), ('C4A', 'D3A'), ('C4B', 'D3B'), ('D2A', 'D3A'), ('D2B', 'D3B'), ('GL1', 'GL2'), ('GL1', 'PO4'), ('NC3', 'PO4')]","{('PO4', 'GL1'), ('GL1', 'GL2'), ('NC3', 'PO4')}","{('D2A', 'D3A'), ('GL2', 'C1B'), ('C1B', 'D2B'), ('PO4', 'GL1'), ('C1A', 'D2A'), ('D3A', 'C4A'), ('GL1', 'C1A'), ('D3B', 'C4B'), ('GL1', 'GL2'), ('D2B', 'D3B')}","{('C1B', 'GL2'), ('C4A', 'D3A'), ('C1A', 'GL1'), ('C4B', 'D3B'), ('GL1', 'PO4')}"
5,DLPC,DL,PC,"[('C1A', 'C2A'), ('C1A', 'GL1'), ('C1B', 'C2B'), ('C1B', 'GL2'), ('C2A', 'C3A'), ('C2B', 'C3B'), ('GL1', 'GL2'), ('GL1', 'PO4'), ('NC3', 'PO4')]","{('PO4', 'GL1'), ('GL1', 'GL2'), ('NC3', 'PO4')}","{('GL2', 'C1B'), ('C1A', 'C2A'), ('C2A', 'C3A'), ('PO4', 'GL1'), ('C2B', 'C3B'), ('GL1', 'C1A'), ('C1B', 'C2B'), ('GL1', 'GL2')}","{('C1B', 'GL2'), ('C1A', 'GL1'), ('GL1', 'PO4')}"
6,DNPC,DN,PC,"[('C1A', 'C2A'), ('C1A', 'GL1'), ('C1B', 'C2B'), ('C1B', 'GL2'), ('C2A', 'C3A'), ('C2B', 'C3B'), ('C3A', 'D4A'), ('C3B', 'D4B'), ('C5A', 'C6A'), ('C5A', 'D4A'), ('C5B', 'C6B'), ('C5B', 'D4B'), ('GL1', 'GL2'), ('GL1', 'PO4'), ('NC3', 'PO4')]","{('PO4', 'GL1'), ('GL1', 'GL2'), ('NC3', 'PO4')}","{('GL2', 'C1B'), ('C3B', 'D4B'), ('C1A', 'C2A'), ('C2A', 'C3A'), ('C5B', 'C6B'), ('PO4', 'GL1'), ('C3A', 'D4A'), ('D4A', 'C5A'), ('D4B', 'C5B'), ('C2B', 'C3B'), ('GL1', 'C1A'), ('C1B', 'C2B'), ('GL1', 'GL2'), ('C5A', 'C6A')}","{('C1B', 'GL2'), ('C5A', 'D4A'), ('C1A', 'GL1'), ('C5B', 'D4B'), ('GL1', 'PO4')}"
7,DOPC,DO,PC,"[('C1A', 'D2A'), ('C1A', 'GL1'), ('C1B', 'D2B'), ('C1B', 'GL2'), ('C3A', 'C4A'), ('C3A', 'D2A'), ('C3B', 'C4B'), ('C3B', 'D2B'), ('GL1', 'GL2'), ('GL1', 'PO4'), ('NC3', 'PO4')]","{('PO4', 'GL1'), ('GL1', 'GL2'), ('NC3', 'PO4')}","{('C3B', 'C4B'), ('GL2', 'C1B'), ('D2B', 'C3B'), ('GL1', 'GL2'), ('C1B', 'D2B'), ('PO4', 'GL1'), ('C1A', 'D2A'), ('GL1', 'C1A'), ('D2A', 'C3A'), ('C3A', 'C4A')}","{('C1B', 'GL2'), ('C3B', 'D2B'), ('C3A', 'D2A'), ('C1A', 'GL1'), ('GL1', 'PO4')}"
8,DPPC,DP,PC,"[('C1A', 'C2A'), ('C1A', 'GL1'), ('C1B', 'C2B'), ('C1B', 'GL2'), ('C2A', 'C3A'), ('C2B', 'C3B'), ('C3A', 'C4A'), ('C3B', 'C4B'), ('GL1', 'GL2'), ('GL1', 'PO4'), ('NC3', 'PO4')]","{('PO4', 'GL1'), ('GL1', 'GL2'), ('NC3', 'PO4')}","{('C3B', 'C4B'), ('C2B', 'C3B'), ('C1B', 'C2B'), ('C2A', 'C3A')}","{('C1B', 'GL2'), ('C1A', 'C2A'), ('C1A', 'GL1'), ('GL1', 'PO4'), ('C3A', 'C4A')}"
9,DRPC,DR,PC,"[('D1A', 'D2A'), ('D1A', 'GL1'), ('D1B', 'D2B'), ('D1B', 'GL2'), ('D2A', 'D3A'), ('D2B', 'D3B'), ('D3A', 'D4A'), ('D3B', 'D4B'), ('D4A', 'D5A'), ('D4B', 'D5B'), ('D5A', 'D6A'), ('D5B', 'D6B'), ('GL1', 'GL2'), ('GL1', 'PO4'), ('NC3', 'PO4')]","{('PO4', 'GL1'), ('GL1', 'GL2'), ('NC3', 'PO4')}","{('D2A', 'D3A'), ('D4A', 'D5A'), ('D3A', 'D4A'), ('D3B', 'D4B'), ('D5A', 'D6A'), ('PO4', 'GL1'), ('GL2', 'D1B'), ('D1A', 'D2A'), ('D4B', 'D5B'), ('GL1', 'D1A'), ('D1B', 'D2B'), ('D5B', 'D6B'), ('GL1', 'GL2'), ('D2B', 'D3B')}","{('D1B', 'GL2'), ('D1A', 'GL1'), ('GL1', 'PO4')}"
10,DTPC,DT,PC,"[('C1A', 'C2A'), ('C1A', 'GL1'), ('C1B', 'C2B'), ('C1B', 'GL2'), ('GL1', 'GL2'), ('GL1', 'PO4'), ('NC3', 'PO4')]","{('PO4', 'GL1'), ('GL1', 'GL2'), ('NC3', 'PO4')}","{('GL2', 'C1B'), ('C1A', 'C2A'), ('PO4', 'GL1'), ('GL1', 'C1A'), ('C1B', 'C2B'), ('GL1', 'GL2')}","{('C1B', 'GL2'), ('C1A', 'GL1'), ('GL1', 'PO4')}"
11,DVPC,DV,PC,"[('C1A', 'C2A'), ('C1A', 'GL1'), ('C1B', 'C2B'), ('C1B', 'GL2'), ('C2A', 'D3A'), ('C2B', 'D3B'), ('C4A', 'D3A'), ('C4B', 'D3B'), ('GL1', 'GL2'), ('GL1', 'PO4'), ('NC3', 'PO4')]","{('PO4', 'GL1'), ('GL1', 'GL2'), ('NC3', 'PO4')}","{('GL2', 'C1B'), ('C1A', 'C2A'), ('C2A', 'D3A'), ('PO4', 'GL1'), ('C2B', 'D3B'), ('D3A', 'C4A'), ('GL1', 'C1A'), ('C1B', 'C2B'), ('D3B', 'C4B'), ('GL1', 'GL2')}","{('C1B', 'GL2'), ('C4A', 'D3A'), ('C1A', 'GL1'), ('C4B', 'D3B'), ('GL1', 'PO4')}"
12,DXPC,DX,PC,"[('C1A', 'C2A'), ('C1A', 'GL1'), ('C1B', 'C2B'), ('C1B', 'GL2'), ('C2A', 'C3A'), ('C2B', 'C3B'), ('C3A', 'C4A'), ('C3B', 'C4B'), ('C4A', 'C5A'), ('C4B', 'C5B'), ('C5A', 'C6A'), ('C5B', 'C6B'), ('GL1', 'GL2'), ('GL1', 'PO4'), ('NC3', 'PO4')]","{('PO4', 'GL1'), ('GL1', 'GL2'), ('NC3', 'PO4')}","{('C3B', 'C4B'), ('C2A', 'C3A'), ('C5B', 'C6B'), ('C4B', 'C5B'), ('C4A', 'C5A'), ('C2B', 'C3B'), ('C1B', 'C2B'), ('C3A', 'C4A')}","{('C1B', 'GL2'), ('C1A', 'C2A'), ('C1A', 'GL1'), ('GL1', 'PO4'), ('C5A', 'C6A')}"
13,DYPC,DY,PC,"[('C1A', 'D2A'), ('C1A', 'GL1'), ('C1B', 'D2B'), ('C1B', 'GL2'), ('C3A', 'D2A'), ('C3B', 'D2B'), ('GL1', 'GL2'), ('GL1', 'PO4'), ('NC3', 'PO4')]","{('PO4', 'GL1'), ('GL1', 'GL2'), ('NC3', 'PO4')}","{('GL2', 'C1B'), ('D2B', 'C3B'), ('GL1', 'GL2'), ('C1B', 'D2B'), ('PO4', 'GL1'), ('C1A', 'D2A'), ('GL1', 'C1A'), ('D2A', 'C3A')}","{('C1B', 'GL2'), ('C3B', 'D2B'), ('C3A', 'D2A'), ('C1A', 'GL1'), ('GL1', 'PO4')}"
14,LPPC,LP,PC,"[('C1A', 'C2A'), ('C1A', 'GL1'), ('C1B', 'C2B'), ('C1B', 'GL2'), ('C2A', 'C3A'), ('C2B', 'C3B'), ('C3A', 'C4A'), ('GL1', 'GL2'), ('GL1', 'PO4'), ('NC3', 'PO4')]","{('PO4', 'GL1'), ('GL1', 'GL2'), ('NC3', 'PO4')}","{('GL2', 'C1B'), ('PO4', 'GL1'), ('C2B', 'C3B'), ('C1B', 'C2B'), ('GL1', 'GL2')}","{('C1B', 'GL2'), ('C1A', 'C2A'), ('C2A', 'C3A'), ('C1A', 'GL1'), ('GL1', 'PO4'), ('C3A', 'C4A')}"
15,PAPC,PA,PC,"[('C1B', 'C2B'), ('C1B', 'GL2'), ('C2B', 'C3B'), ('C3B', 'C4B'), ('C5A', 'D4A'), ('D1A', 'D2A'), ('D1A', 'GL1'), ('D2A', 'D3A'), ('D3A', 'D4A'), ('GL1', 'GL2'), ('GL1', 'PO4'), ('NC3', 'PO4')]","{('PO4', 'GL1'), ('GL1', 'GL2'), ('NC3', 'PO4')}","{('C3B', 'C4B'), ('D2A', 'D3A'), ('GL2', 'C1B'), ('D3A', 'D4A'), ('D1A', 'D2A'), ('D4A', 'C5A'), ('GL1', 'D1A'), ('C2B', 'C3B'), ('C1B', 'C2B'), ('GL1', 'GL2')}","{('C1B', 'GL2'), ('C5A', 'D4A'), ('D1A', 'GL1'), ('GL1', 'PO4')}"
16,PEPC,PE,PC,"[('C1A', 'C2A'), ('C1A', 'GL1'), ('C1B', 'C2B'), ('C1B', 'GL2'), ('C2A', 'D3A'), ('C2B', 'C3B'), ('C3B', 'C4B'), ('C5A', 'D4A'), ('D3A', 'D4A'), ('GL1', 'GL2'), ('GL1', 'PO4'), ('NC3', 'PO4')]","{('PO4', 'GL1'), ('GL1', 'GL2'), ('NC3', 'PO4')}","{('C3B', 'C4B'), ('GL2', 'C1B'), ('C1A', 'C2A'), ('NC3', 'PO4'), ('D3A', 'D4A'), ('C2A', 'D3A'), ('PO4', 'GL1'), ('D4A', 'C5A'), ('C2B', 'C3B'), ('GL1', 'C1A'), ('C1B', 'C2B'), ('GL1', 'GL2')}","{('C1B', 'GL2'), ('C5A', 'D4A'), ('C1A', 'GL1'), ('GL1', 'PO4')}"
17,PGPC,PG,PC,"[('C1A', 'C2A'), ('C1A', 'GL1'), ('C1B', 'C2B'), ('C1B', 'GL2'), ('C2A', 'D3A'), ('C2B', 'C3B'), ('C3B', 'C4B'), ('C4A', 'C5A'), ('C4A', 'D3A'), ('GL1', 'GL2'), ('GL1', 'PO4'), ('NC3', 'PO4')]","{('PO4', 'GL1'), ('GL1', 'GL2'), ('NC3', 'PO4')}","{('C1B', 'C2B')}","{('C3B', 'C4B'), ('C1B', 'GL2'), ('C1A', 'C2A'), ('C4A', 'D3A'), ('C2A', 'D3A'), ('C4A', 'C5A'), ('C1A', 'GL1'), ('C2B', 'C3B'), ('GL1', 'PO4')}"
18,PIPC,PI,PC,"[('C1A', 'D2A'), ('C1A', 'GL1'), ('C1B', 'C2B'), ('C1B', 'GL2'), ('C2B', 'C3B'), ('C3B', 'C4B'), ('C4A', 'D3A'), ('D2A', 'D3A'), ('GL1', 'GL2'), ('GL1', 'PO4'), ('NC3', 'PO4')]","{('PO4', 'GL1'), ('GL1', 'GL2'), ('NC3', 'PO4')}","{('C3B', 'C4B'), ('D2A', 'D3A'), ('GL2', 'C1B'), ('C1A', 'D2A'), ('D3A', 'C4A'), ('C2B', 'C3B'), ('GL1', 'C1A'), ('C1B', 'C2B'), ('GL1', 'GL2')}","{('C1B', 'GL2'), ('C1A', 'GL1'), ('GL1', 'PO4'), ('C4A', 'D3A')}"
19,POPC,PO,PC,"[('C1A', 'D2A'), ('C1A', 'GL1'), ('C1B', 'C2B'), ('C1B', 'GL2'), ('C2B', 'C3B'), ('C3A', 'C4A'), ('C3A', 'D2A'), ('C3B', 'C4B'), ('GL1', 'GL2'), ('GL1', 'PO4'), ('NC3', 'PO4')]","{('PO4', 'GL1'), ('GL1', 'GL2'), ('NC3', 'PO4')}","{('C3B', 'C4B')}","{('C1B', 'GL2'), ('C3A', 'C4A'), ('C3A', 'D2A'), ('C1A', 'D2A'), ('C1A', 'GL1'), ('C2B', 'C3B'), ('C1B', 'C2B'), ('GL1', 'PO4')}"
20,PRPC,PR,PC,"[('C1B', 'C2B'), ('C1B', 'GL2'), ('C2B', 'C3B'), ('C3B', 'C4B'), ('D1A', 'D2A'), ('D1A', 'GL1'), ('D2A', 'D3A'), ('D3A', 'D4A'), ('D4A', 'D5A'), ('D5A', 'D6A'), ('GL1', 'GL2'), ('GL1', 'PO4'), ('NC3', 'PO4')]","{('PO4', 'GL1'), ('GL1', 'GL2'), ('NC3', 'PO4')}","{('C3B', 'C4B'), ('D2A', 'D3A'), ('D4A', 'D5A'), ('GL2', 'C1B'), ('D3A', 'D4A'), ('D5A', 'D6A'), ('PO4', 'GL1'), ('D1A', 'D2A'), ('GL1', 'D1A'), ('C2B', 'C3B'), ('C1B', 'C2B'), ('GL1', 'GL2')}","{('C1B', 'GL2'), ('D1A', 'GL1'), ('GL1', 'PO4')}"
21,PUPC,PU,PC,"[('C1B', 'C2B'), ('C1B', 'GL2'), ('C2B', 'C3B'), ('C3B', 'C4B'), ('D1A', 'D2A'), ('D1A', 'GL1'), ('D2A', 'D3A'), ('D3A', 'D4A'), ('D4A', 'D5A'), ('GL1', 'GL2'), ('GL1', 'PO4'), ('NC3', 'PO4')]","{('PO4', 'GL1'), ('GL1', 'GL2'), ('NC3', 'PO4')}","{('C3B', 'C4B'), ('D2A', 'D3A'), ('D4A', 'D5A'), ('GL2', 'C1B'), ('D3A', 'D4A'), ('D1A', 'D2A'), ('GL1', 'D1A'), ('C2B', 'C3B'), ('C1B', 'C2B'), ('GL1', 'GL2')}","{('C1B', 'GL2'), ('D1A', 'GL1'), ('GL1', 'PO4')}"
22,DAPE,DA,PE,"[('C5A', 'D4A'), ('C5B', 'D4B'), ('D1A', 'D2A'), ('D1A', 'GL1'), ('D1B', 'D2B'), ('D1B', 'GL2'), ('D2A', 'D3A'), ('D2B', 'D3B'), ('D3A', 'D4A'), ('D3B', 'D4B'), ('GL1', 'GL2'), ('GL1', 'PO4'), ('NH3', 'PO4')]","{('PO4', 'GL1'), ('GL1', 'GL2'), ('NH3', 'PO4')}","{('D2A', 'D3A'), ('D3A', 'D4A'), ('D1B', 'D2B'), ('PO4', 'GL1'), ('GL2', 'D1B'), ('D1A', 'D2A'), ('D4A', 'C5A'), ('GL1', 'D1A'), ('D4B', 'C5B'), ('D3B', 'D4B'), ('GL1', 'GL2'), ('D2B', 'D3B')}","{('D1B', 'GL2'), ('C5A', 'D4A'), ('D1A', 'GL1'), ('C5B', 'D4B'), ('GL1', 'PO4')}"
23,DBPE,DB,PE,"[('C1A', 'C2A'), ('C1A', 'GL1'), ('C1B', 'C2B'), ('C1B', 'GL2'), ('C2A', 'C3A'), ('C2B', 'C3B'), ('C3A', 'C4A'), ('C3B', 'C4B'), ('C4A', 'C5A'), ('C4B', 'C5B'), ('GL1', 'GL2'), ('GL1', 'PO4'), ('NH3', 'PO4')]","{('PO4', 'GL1'), ('GL1', 'GL2'), ('NH3', 'PO4')}","{('C3B', 'C4B'), ('C2A', 'C3A'), ('C4B', 'C5B'), ('C2B', 'C3B'), ('C1B', 'C2B'), ('C3A', 'C4A')}","{('C1B', 'GL2'), ('C1A', 'C2A'), ('C4A', 'C5A'), ('C1A', 'GL1'), ('GL1', 'PO4')}"
24,DFPE,DF,PE,"[('C1A', 'D2A'), ('C1A', 'GL1'), ('C1B', 'D2B'), ('C1B', 'GL2'), ('D2A', 'D3A'), ('D2B', 'D3B'), ('D3A', 'D4A'), ('D3B', 'D4B'), ('GL1', 'GL2'), ('GL1', 'PO4'), ('NH3', 'PO4')]","{('PO4', 'GL1'), ('GL1', 'GL2'), ('NH3', 'PO4')}","{('D2A', 'D3A'), ('GL2', 'C1B'), ('C1B', 'D2B'), ('D3A', 'D4A'), ('PO4', 'GL1'), ('C1A', 'D2A'), ('GL1', 'C1A'), ('D3B', 'D4B'), ('GL1', 'GL2'), ('D2B', 'D3B')}","{('C1B', 'GL2'), ('C1A', 'GL1'), ('GL1', 'PO4')}"
25,DGPE,DG,PE,"[('C1A', 'C2A'), ('C1A', 'GL1'), ('C1B', 'C2B'), ('C1B', 'GL2'), ('C2A', 'D3A'), ('C2B', 'D3B'), ('C4A', 'C5A'), ('C4A', 'D3A'), ('C4B', 'C5B'), ('C4B', 'D3B'), ('GL1', 'GL2'), ('GL1', 'PO4'), ('NH3', 'PO4')]","{('PO4', 'GL1'), ('GL1', 'GL2'), ('NH3', 'PO4')}","{('GL2', 'C1B'), ('C1A', 'C2A'), ('C2A', 'D3A'), ('C4B', 'C5B'), ('PO4', 'GL1'), ('C4A', 'C5A'), ('C2B', 'D3B'), ('D3A', 'C4A'), ('GL1', 'C1A'), ('C1B', 'C2B'), ('D3B', 'C4B'), ('GL1', 'GL2')}","{('C1B', 'GL2'), ('C4A', 'D3A'), ('C1A', 'GL1'), ('C4B', 'D3B'), ('GL1', 'PO4')}"
26,DIPE,DI,PE,"[('C1A', 'D2A'), ('C1A', 'GL1'), ('C1B', 'D2B'), ('C1B', 'GL2'), ('C4A', 'D3A'), ('C4B', 'D3B'), ('D2A', 'D3A'), ('D2B', 'D3B'), ('GL1', 'GL2'), ('GL1', 'PO4'), ('NH3', 'PO4')]","{('PO4', 'GL1'), ('GL1', 'GL2'), ('NH3', 'PO4')}","{('D2A', 'D3A'), ('GL2', 'C1B'), ('C1B', 'D2B'), ('PO4', 'GL1'), ('C1A', 'D2A'), ('D3A', 'C4A'), ('GL1', 'C1A'), ('D3B', 'C4B'), ('GL1', 'GL2'), ('D2B', 'D3B')}","{('C1B', 'GL2'), ('C4A', 'D3A'), ('C1A', 'GL1'), ('C4B', 'D3B'), ('GL1', 'PO4')}"
27,DLPE,DL,PE,"[('C1A', 'C2A'), ('C1A', 'GL1'), ('C1B', 'C2B'), ('C1B', 'GL2'), ('C2A', 'C3A'), ('C2B', 'C3B'), ('GL1', 'GL2'), ('GL1', 'PO4'), ('NH3', 'PO4')]","{('PO4', 'GL1'), ('GL1', 'GL2'), ('NH3', 'PO4')}","{('GL2', 'C1B'), ('C1A', 'C2A'), ('C2A', 'C3A'), ('PO4', 'GL1'), ('C2B', 'C3B'), ('GL1', 'C1A'), ('C1B', 'C2B'), ('GL1', 'GL2')}","{('C1B', 'GL2'), ('C1A', 'GL1'), ('GL1', 'PO4')}"
28,DNPE,DN,PE,"[('C1A', 'C2A'), ('C1A', 'GL1'), ('C1B', 'C2B'), ('C1B', 'GL2'), ('C2A', 'C3A'), ('C2B', 'C3B'), ('C3A', 'D4A'), ('C3B', 'D4B'), ('C5A', 'C6A'), ('C5A', 'D4A'), ('C5B', 'C6B'), ('C5B', 'D4B'), ('GL1', 'GL2'), ('GL1', 'PO4'), ('NH3', 'PO4')]","{('PO4', 'GL1'), ('GL1', 'GL2'), ('NH3', 'PO4')}","{('GL2', 'C1B'), ('C3B', 'D4B'), ('C1A', 'C2A'), ('C2A', 'C3A'), ('C5B', 'C6B'), ('PO4', 'GL1'), ('C3A', 'D4A'), ('D4A', 'C5A'), ('D4B', 'C5B'), ('C2B', 'C3B'), ('GL1', 'C1A'), ('C1B', 'C2B'), ('GL1', 'GL2'), ('C5A', 'C6A')}","{('C1B', 'GL2'), ('C5A', 'D4A'), ('C1A', 'GL1'), ('C5B', 'D4B'), ('GL1', 'PO4')}"
29,DOPE,DO,PE,"[('C1A', 'D2A'), ('C1A', 'GL1'), ('C1B', 'D2B'), ('C1B', 'GL2'), ('C3A', 'C4A'), ('C3A', 'D2A'), ('C3B', 'C4B'), ('C3B', 'D2B'), ('GL1', 'GL2'), ('GL1', 'PO4'), ('NH3', 'PO4')]","{('PO4', 'GL1'), ('GL1', 'GL2'), ('NH3', 'PO4')}","{('C3B', 'C4B'), ('GL2', 'C1B'), ('D2B', 'C3B'), ('GL1', 'GL2'), ('C1B', 'D2B'), ('PO4', 'GL1'), ('C1A', 'D2A'), ('GL1', 'C1A'), ('D2A', 'C3A'), ('C3A', 'C4A')}","{('C1B', 'GL2'), ('C3B', 'D2B'), ('C3A', 'D2A'), ('C1A', 'GL1'), ('GL1', 'PO4')}"
30,DPPE,DP,PE,"[('C1A', 'C2A'), ('C1A', 'GL1'), ('C1B', 'C2B'), ('C1B', 'GL2'), ('C2A', 'C3A'), ('C2B', 'C3B'), ('C3A', 'C4A'), ('C3B', 'C4B'), ('GL1', 'GL2'), ('GL1', 'PO4'), ('NH3', 'PO4')]","{('PO4', 'GL1'), ('GL1', 'GL2'), ('NH3', 'PO4')}","{('C3B', 'C4B'), ('C2B', 'C3B'), ('C1B', 'C2B'), ('C2A', 'C3A')}","{('C1B', 'GL2'), ('C1A', 'C2A'), ('C1A', 'GL1'), ('GL1', 'PO4'), ('C3A', 'C4A')}"
31,DRPE,DR,PE,"[('D1A', 'D2A'), ('D1A', 'GL1'), ('D1B', 'D2B'), ('D1B', 'GL2'), ('D2A', 'D3A'), ('D2B', 'D3B'), ('D3A', 'D4A'), ('D3B', 'D4B'), ('D4A', 'D5A'), ('D4B', 'D5B'), ('D5A', 'D6A'), ('D5B', 'D6B'), ('GL1', 'GL2'), ('GL1', 'PO4'), ('NH3', 'PO4')]","{('PO4', 'GL1'), ('GL1', 'GL2'), ('NH3', 'PO4')}","{('D2A', 'D3A'), ('D4A', 'D5A'), ('D3A', 'D4A'), ('D3B', 'D4B'), ('D5A', 'D6A'), ('PO4', 'GL1'), ('GL2', 'D1B'), ('D1A', 'D2A'), ('D4B', 'D5B'), ('GL1', 'D1A'), ('D1B', 'D2B'), ('D5B', 'D6B'), ('GL1', 'GL2'), ('D2B', 'D3B')}","{('D1B', 'GL2'), ('D1A', 'GL1'), ('GL1', 'PO4')}"
32,DTPE,DT,PE,"[('C1A', 'C2A'), ('C1A', 'GL1'), ('C1B', 'C2B'), ('C1B', 'GL2'), ('GL1', 'GL2'), ('GL1', 'PO4'), ('NH3', 'PO4')]","{('PO4', 'GL1'), ('GL1', 'GL2'), ('NH3', 'PO4')}","{('GL2', 'C1B'), ('C1A', 'C2A'), ('PO4', 'GL1'), ('GL1', 'C1A'), ('C1B', 'C2B'), ('GL1', 'GL2')}","{('C1B', 'GL2'), ('C1A', 'GL1'), ('GL1', 'PO4')}"
33,DUPE,DU,PE,"[('D1A', 'D2A'), ('D1A', 'GL1'), ('D1B', 'D2B'), ('D1B', 'GL2'), ('D2A', 'D3A'), ('D2B', 'D3B'), ('D3A', 'D4A'), ('D3B', 'D4B'), ('D4A', 'D5A'), ('D4B', 'D5B'), ('GL1', 'GL2'), ('GL1', 'PO4'), ('NH3', 'PO4')]","{('PO4', 'GL1'), ('GL1', 'GL2'), ('NH3', 'PO4')}","{('D2A', 'D3A'), ('D4A', 'D5A'), ('D3A', 'D4A'), ('PO4', 'GL1'), ('GL2', 'D1B'), ('D1A', 'D2A'), ('D4B', 'D5B'), ('GL1', 'D1A'), ('D1B', 'D2B'), ('D3B', 'D4B'), ('GL1', 'GL2'), ('D2B', 'D3B')}","{('D1B', 'GL2'), ('D1A', 'GL1'), ('GL1', 'PO4')}"
34,DVPE,DV,PE,"[('C1A', 'C2A'), ('C1A', 'GL1'), ('C1B', 'C2B'), ('C1B', 'GL2'), ('C2A', 'D3A'), ('C2B', 'D3B'), ('C4A', 'D3A'), ('C4B', 'D3B'), ('GL1', 'GL2'), ('GL1', 'PO4'), ('NH3', 'PO4')]","{('PO4', 'GL1'), ('GL1', 'GL2'), ('NH3', 'PO4')}","{('GL2', 'C1B'), ('C1A', 'C2A'), ('C2A', 'D3A'), ('PO4', 'GL1'), ('C2B', 'D3B'), ('D3A', 'C4A'), ('GL1', 'C1A'), ('C1B', 'C2B'), ('D3B', 'C4B'), ('GL1', 'GL2')}","{('C1B', 'GL2'), ('C4A', 'D3A'), ('C1A', 'GL1'), ('C4B', 'D3B'), ('GL1', 'PO4')}"
35,DXPE,DX,PE,"[('C1A', 'C2A'), ('C1A', 'GL1'), ('C1B', 'C2B'), ('C1B', 'GL2'), ('C2A', 'C3A'), ('C2B', 'C3B'), ('C3A', 'C4A'), ('C3B', 'C4B'), ('C4A', 'C5A'), ('C4B', 'C5B'), ('C5A', 'C6A'), ('C5B', 'C6B'), ('GL1', 'GL2'), ('GL1', 'PO4'), ('NH3', 'PO4')]","{('PO4', 'GL1'), ('GL1', 'GL2'), ('NH3', 'PO4')}","{('C3B', 'C4B'), ('C2A', 'C3A'), ('C5B', 'C6B'), ('C4B', 'C5B'), ('C4A', 'C5A'), ('C2B', 'C3B'), ('C1B', 'C2B'), ('C3A', 'C4A')}","{('C1B', 'GL2'), ('C1A', 'C2A'), ('C1A', 'GL1'), ('GL1', 'PO4'), ('C5A', 'C6A')}"
36,DYPE,DY,PE,"[('C1A', 'D2A'), ('C1A', 'GL1'), ('C1B', 'D2B'), ('C1B', 'GL2'), ('C3A', 'D2A'), ('C3B', 'D2B'), ('GL1', 'GL2'), ('GL1', 'PO4'), ('NH3', 'PO4')]","{('PO4', 'GL1'), ('GL1', 'GL2'), ('NH3', 'PO4')}","{('GL2', 'C1B'), ('D2B', 'C3B'), ('GL1', 'GL2'), ('C1B', 'D2B'), ('PO4', 'GL1'), ('C1A', 'D2A'), ('GL1', 'C1A'), ('D2A', 'C3A')}","{('C1B', 'GL2'), ('C3B', 'D2B'), ('C3A', 'D2A'), ('C1A', 'GL1'), ('GL1', 'PO4')}"
37,LPPE,LP,PE,"[('C1A', 'C2A'), ('C1A', 'GL1'), ('C1B', 'C2B'), ('C1B', 'GL2'), ('C2A', 'C3A'), ('C2B', 'C3B'), ('C3A', 'C4A'), ('GL1', 'GL2'), ('GL1', 'PO4'), ('NH3', 'PO4')]","{('PO4', 'GL1'), ('GL1', 'GL2'), ('NH3', 'PO4')}","{('GL2', 'C1B'), ('PO4', 'GL1'), ('C2B', 'C3B'), ('C1B', 'C2B'), ('GL1', 'GL2')}","{('C1B', 'GL2'), ('C1A', 'C2A'), ('C2A', 'C3A'), ('C1A', 'GL1'), ('GL1', 'PO4'), ('C3A', 'C4A')}"
38,PAPE,PA,PE,"[('C1B', 'C2B'), ('C1B', 'GL2'), ('C2B', 'C3B'), ('C3B', 'C4B'), ('C5A', 'D4A'), ('D1A', 'D2A'), ('D1A', 'GL1'), ('D2A', 'D3A'), ('D3A', 'D4A'), ('GL1', 'GL2'), ('GL1', 'PO4'), ('NH3', 'PO4')]","{('PO4', 'GL1'), ('GL1', 'GL2'), ('NH3', 'PO4')}","{('C3B', 'C4B'), ('D2A', 'D3A'), ('GL2', 'C1B'), ('D3A', 'D4A'), ('D1A', 'D2A'), ('D4A', 'C5A'), ('GL1', 'D1A'), ('C2B', 'C3B'), ('C1B', 'C2B'), ('GL1', 'GL2')}","{('C1B', 'GL2'), ('C5A', 'D4A'), ('D1A', 'GL1'), ('GL1', 'PO4')}"
39,PGPE,PG,PE,"[('C1A', 'C2A'), ('C1A', 'GL1'), ('C1B', 'C2B'), ('C1B', 'GL2'), ('C2A', 'D3A'), ('C2B', 'C3B'), ('C3B', 'C4B'), ('C4A', 'C5A'), ('C4A', 'D3A'), ('GL1', 'GL2'), ('GL1', 'PO4'), ('NH3', 'PO4')]","{('PO4', 'GL1'), ('GL1', 'GL2'), ('NH3', 'PO4')}","{('C1B', 'C2B')}","{('C3B', 'C4B'), ('C1B', 'GL2'), ('C1A', 'C2A'), ('C4A', 'D3A'), ('C2A', 'D3A'), ('C4A', 'C5A'), ('C1A', 'GL1'), ('C2B', 'C3B'), ('GL1', 'PO4')}"
40,PIPE,PI,PE,"[('C1A', 'D2A'), ('C1A', 'GL1'), ('C1B', 'C2B'), ('C1B', 'GL2'), ('C2B', 'C3B'), ('C3B', 'C4B'), ('C4A', 'D3A'), ('D2A', 'D3A'), ('GL1', 'GL2'), ('GL1', 'PO4'), ('NH3', 'PO4')]","{('PO4', 'GL1'), ('GL1', 'GL2'), ('NH3', 'PO4')}","{('C3B', 'C4B'), ('D2A', 'D3A'), ('GL2', 'C1B'), ('C1A', 'D2A'), ('D3A', 'C4A'), ('C2B', 'C3B'), ('GL1', 'C1A'), ('C1B', 'C2B'), ('GL1', 'GL2')}","{('C1B', 'GL2'), ('C1A', 'GL1'), ('GL1', 'PO4'), ('C4A', 'D3A')}"
41,POPE,PO,PE,"[('C1A', 'D2A'), ('C1A', 'GL1'), ('C1B', 'C2B'), ('C1B', 'GL2'), ('C2B', 'C3B'), ('C3A', 'C4A'), ('C3A', 'D2A'), ('C3B', 'C4B'), ('GL1', 'GL2'), ('GL1', 'PO4'), ('NH3', 'PO4')]","{('PO4', 'GL1'), ('GL1', 'GL2'), ('NH3', 'PO4')}","{('C3B', 'C4B')}","{('C1B', 'GL2'), ('C3A', 'C4A'), ('C3A', 'D2A'), ('C1A', 'D2A'), ('C1A', 'GL1'), ('C2B', 'C3B'), ('C1B', 'C2B'), ('GL1', 'PO4')}"
42,PQPE,PQ,PE,"[('C1A', 'D2A'), ('C1A', 'GL1'), ('C1B', 'C2B'), ('C1B', 'GL2'), ('C2B', 'C3B'), ('C3B', 'C4B'), ('C5A', 'D4A'), ('D2A', 'D3A'), ('D3A', 'D4A'), ('GL1', 'GL2'), ('GL1', 'PO4'), ('NH3', 'PO4')]","{('PO4', 'GL1'), ('GL1', 'GL2'), ('NH3', 'PO4')}","{('C3B', 'C4B'), ('D2A', 'D3A'), ('GL2', 'C1B'), ('D3A', 'D4A'), ('PO4', 'GL1'), ('C1A', 'D2A'), ('D4A', 'C5A'), ('C2B', 'C3B'), ('GL1', 'C1A'), ('C1B', 'C2B'), ('GL1', 'GL2')}","{('C1B', 'GL2'), ('C5A', 'D4A'), ('C1A', 'GL1'), ('GL1', 'PO4')}"
43,PRPE,PR,PE,"[('C1B', 'C2B'), ('C1B', 'GL2'), ('C2B', 'C3B'), ('C3B', 'C4B'), ('D1A', 'D2A'), ('D1A', 'GL1'), ('D2A', 'D3A'), ('D3A', 'D4A'), ('D4A', 'D5A'), ('D5A', 'D6A'), ('GL1', 'GL2'), ('GL1', 'PO4'), ('NH3', 'PO4')]","{('PO4', 'GL1'), ('GL1', 'GL2'), ('NH3', 'PO4')}","{('C3B', 'C4B'), ('D2A', 'D3A'), ('D4A', 'D5A'), ('GL2', 'C1B'), ('D3A', 'D4A'), ('D5A', 'D6A'), ('PO4', 'GL1'), ('D1A', 'D2A'), ('GL1', 'D1A'), ('C2B', 'C3B'), ('C1B', 'C2B'), ('GL1', 'GL2')}","{('C1B', 'GL2'), ('D1A', 'GL1'), ('GL1', 'PO4')}"
44,PUPE,PU,PE,"[('C1B', 'C2B'), ('C1B', 'GL2'), ('C2B', 'C3B'), ('C3B', 'C4B'), ('D1A', 'D2A'), ('D1A', 'GL1'), ('D2A', 'D3A'), ('D3A', 'D4A'), ('D4A', 'D5A'), ('GL1', 'GL2'), ('GL1', 'PO4'), ('NH3', 'PO4')]","{('PO4', 'GL1'), ('GL1', 'GL2'), ('NH3', 'PO4')}","{('C3B', 'C4B'), ('D2A', 'D3A'), ('D4A', 'D5A'), ('GL2', 'C1B'), ('D3A', 'D4A'), ('D1A', 'D2A'), ('GL1', 'D1A'), ('C2B', 'C3B'), ('C1B', 'C2B'), ('GL1', 'GL2')}","{('C1B', 'GL2'), ('D1A', 'GL1'), ('GL1', 'PO4')}"
45,DAPS,DA,PS,"[('C5A', 'D4A'), ('C5B', 'D4B'), ('CNO', 'PO4'), ('D1A', 'D2A'), ('D1A', 'GL1'), ('D1B', 'D2B'), ('D1B', 'GL2'), ('D2A', 'D3A'), ('D2B', 'D3B'), ('D3A', 'D4A'), ('D3B', 'D4B'), ('GL1', 'GL2'), ('GL1', 'PO4')]","{('PO4', 'GL1'), ('CNO', 'PO4'), ('GL1', 'GL2')}","{('D2A', 'D3A'), ('D3A', 'D4A'), ('D1B', 'D2B'), ('PO4', 'GL1'), ('GL2', 'D1B'), ('D1A', 'D2A'), ('D4A', 'C5A'), ('GL1', 'D1A'), ('D4B', 'C5B'), ('D3B', 'D4B'), ('GL1', 'GL2'), ('D2B', 'D3B')}","{('D1B', 'GL2'), ('C5A', 'D4A'), ('D1A', 'GL1'), ('C5B', 'D4B'), ('GL1', 'PO4')}"
46,DBPS,DB,PS,"[('C1A', 'C2A'), ('C1A', 'GL1'), ('C1B', 'C2B'), ('C1B', 'GL2'), ('C2A', 'C3A'), ('C2B', 'C3B'), ('C3A', 'C4A'), ('C3B', 'C4B'), ('C4A', 'C5A'), ('C4B', 'C5B'), ('CNO', 'PO4'), ('GL1', 'GL2'), ('GL1', 'PO4')]","{('PO4', 'GL1'), ('CNO', 'PO4'), ('GL1', 'GL2')}","{('C3B', 'C4B'), ('C2A', 'C3A'), ('C4B', 'C5B'), ('C2B', 'C3B'), ('C1B', 'C2B'), ('C3A', 'C4A')}","{('C1B', 'GL2'), ('C1A', 'C2A'), ('C4A', 'C5A'), ('C1A', 'GL1'), ('GL1', 'PO4')}"
47,DFPS,DF,PS,"[('C1A', 'D2A'), ('C1A', 'GL1'), ('C1B', 'D2B'), ('C1B', 'GL2'), ('CNO', 'PO4'), ('D2A', 'D3A'), ('D2B', 'D3B'), ('D3A', 'D4A'), ('D3B', 'D4B'), ('GL1', 'GL2'), ('GL1', 'PO4')]","{('PO4', 'GL1'), ('CNO', 'PO4'), ('GL1', 'GL2')}","{('D2A', 'D3A'), ('GL2', 'C1B'), ('C1B', 'D2B'), ('D3A', 'D4A'), ('PO4', 'GL1'), ('C1A', 'D2A'), ('GL1', 'C1A'), ('D3B', 'D4B'), ('GL1', 'GL2'), ('D2B', 'D3B')}","{('C1B', 'GL2'), ('C1A', 'GL1'), ('GL1', 'PO4')}"
48,DGPS,DG,PS,"[('C1A', 'C2A'), ('C1A', 'GL1'), ('C1B', 'C2B'), ('C1B', 'GL2'), ('C2A', 'D3A'), ('C2B', 'D3B'), ('C4A', 'C5A'), ('C4A', 'D3A'), ('C4B', 'C5B'), ('C4B', 'D3B'), ('CNO', 'PO4'), ('GL1', 'GL2'), ('GL1', 'PO4')]","{('PO4', 'GL1'), ('CNO', 'PO4'), ('GL1', 'GL2')}","{('GL2', 'C1B'), ('C1A', 'C2A'), ('C2A', 'D3A'), ('C4B', 'C5B'), ('PO4', 'GL1'), ('C4A', 'C5A'), ('C2B', 'D3B'), ('D3A', 'C4A'), ('GL1', 'C1A'), ('C1B', 'C2B'), ('D3B', 'C4B'), ('GL1', 'GL2')}","{('C1B', 'GL2'), ('C4A', 'D3A'), ('C1A', 'GL1'), ('C4B', 'D3B'), ('GL1', 'PO4')}"
49,DIPS,DI,PS,"[('C1A', 'D2A'), ('C1A', 'GL1'), ('C1B', 'D2B'), ('C1B', 'GL2'), ('C4A', 'D3A'), ('C4B', 'D3B'), ('CNO', 'PO4'), ('D2A', 'D3A'), ('D2B', 'D3B'), ('GL1', 'GL2'), ('GL1', 'PO4')]","{('PO4', 'GL1'), ('CNO', 'PO4'), ('GL1', 'GL2')}","{('D2A', 'D3A'), ('GL2', 'C1B'), ('C1B', 'D2B'), ('PO4', 'GL1'), ('C1A', 'D2A'), ('D3A', 'C4A'), ('GL1', 'C1A'), ('D3B', 'C4B'), ('GL1', 'GL2'), ('D2B', 'D3B')}","{('C1B', 'GL2'), ('C4A', 'D3A'), ('C1A', 'GL1'), ('C4B', 'D3B'), ('GL1', 'PO4')}"
50,DLPS,DL,PS,"[('C1A', 'C2A'), ('C1A', 'GL1'), ('C1B', 'C2B'), ('C1B', 'GL2'), ('C2A', 'C3A'), ('C2B', 'C3B'), ('CNO', 'PO4'), ('GL1', 'GL2'), ('GL1', 'PO4')]","{('PO4', 'GL1'), ('CNO', 'PO4'), ('GL1', 'GL2')}","{('GL2', 'C1B'), ('C1A', 'C2A'), ('C2A', 'C3A'), ('PO4', 'GL1'), ('C2B', 'C3B'), ('GL1', 'C1A'), ('C1B', 'C2B'), ('GL1', 'GL2')}","{('C1B', 'GL2'), ('C1A', 'GL1'), ('GL1', 'PO4')}"
51,DNPS,DN,PS,"[('C1A', 'C2A'), ('C1A', 'GL1'), ('C1B', 'C2B'), ('C1B', 'GL2'), ('C2A', 'C3A'), ('C2B', 'C3B'), ('C3A', 'D4A'), ('C3B', 'D4B'), ('C5A', 'C6A'), ('C5A', 'D4A'), ('C5B', 'C6B'), ('C5B', 'D4B'), ('CNO', 'PO4'), ('GL1', 'GL2'), ('GL1', 'PO4')]","{('PO4', 'GL1'), ('CNO', 'PO4'), ('GL1', 'GL2')}","{('GL2', 'C1B'), ('C3B', 'D4B'), ('C1A', 'C2A'), ('C2A', 'C3A'), ('C5B', 'C6B'), ('PO4', 'GL1'), ('C3A', 'D4A'), ('D4A', 'C5A'), ('D4B', 'C5B'), ('C2B', 'C3B'), ('GL1', 'C1A'), ('C1B', 'C2B'), ('GL1', 'GL2'), ('C5A', 'C6A')}","{('C1B', 'GL2'), ('C5A', 'D4A'), ('C1A', 'GL1'), ('C5B', 'D4B'), ('GL1', 'PO4')}"
52,DOPS,DO,PS,"[('C1A', 'D2A'), ('C1A', 'GL1'), ('C1B', 'D2B'), ('C1B', 'GL2'), ('C3A', 'C4A'), ('C3A', 'D2A'), ('C3B', 'C4B'), ('C3B', 'D2B'), ('CNO', 'PO4'), ('GL1', 'GL2'), ('GL1', 'PO4')]","{('PO4', 'GL1'), ('CNO', 'PO4'), ('GL1', 'GL2')}","{('C3B', 'C4B'), ('GL2', 'C1B'), ('D2B', 'C3B'), ('GL1', 'GL2'), ('C1B', 'D2B'), ('PO4', 'GL1'), ('C1A', 'D2A'), ('GL1', 'C1A'), ('D2A', 'C3A'), ('C3A', 'C4A')}","{('C1B', 'GL2'), ('C3B', 'D2B'), ('C3A', 'D2A'), ('C1A', 'GL1'), ('GL1', 'PO4')}"
53,DPPS,DP,PS,"[('C1A', 'C2A'), ('C1A', 'GL1'), ('C1B', 'C2B'), ('C1B', 'GL2'), ('C2A', 'C3A'), ('C2B', 'C3B'), ('C3A', 'C4A'), ('C3B', 'C4B'), ('CNO', 'PO4'), ('GL1', 'GL2'), ('GL1', 'PO4')]","{('PO4', 'GL1'), ('CNO', 'PO4'), ('GL1', 'GL2')}","{('C3B', 'C4B'), ('C2B', 'C3B'), ('C1B', 'C2B'), ('C2A', 'C3A')}","{('C1B', 'GL2'), ('C1A', 'C2A'), ('C1A', 'GL1'), ('GL1', 'PO4'), ('C3A', 'C4A')}"
54,DRPS,DR,PS,"[('CNO', 'PO4'), ('D1A', 'D2A'), ('D1A', 'GL1'), ('D1B', 'D2B'), ('D1B', 'GL2'), ('D2A', 'D3A'), ('D2B', 'D3B'), ('D3A', 'D4A'), ('D3B', 'D4B'), ('D4A', 'D5A'), ('D4B', 'D5B'), ('D5A', 'D6A'), ('D5B', 'D6B'), ('GL1', 'GL2'), ('GL1', 'PO4')]","{('PO4', 'GL1'), ('CNO', 'PO4'), ('GL1', 'GL2')}","{('D2A', 'D3A'), ('D4A', 'D5A'), ('D3A', 'D4A'), ('D3B', 'D4B'), ('D5A', 'D6A'), ('PO4', 'GL1'), ('GL2', 'D1B'), ('D1A', 'D2A'), ('D4B', 'D5B'), ('GL1', 'D1A'), ('D1B', 'D2B'), ('D5B', 'D6B'), ('GL1', 'GL2'), ('D2B', 'D3B')}","{('D1B', 'GL2'), ('D1A', 'GL1'), ('GL1', 'PO4')}"
55,DTPS,DT,PS,"[('C1A', 'C2A'), ('C1A', 'GL1'), ('C1B', 'C2B'), ('C1B', 'GL2'), ('CNO', 'PO4'), ('GL1', 'GL2'), ('GL1', 'PO4')]","{('PO4', 'GL1'), ('CNO', 'PO4'), ('GL1', 'GL2')}","{('GL2', 'C1B'), ('C1A', 'C2A'), ('PO4', 'GL1'), ('GL1', 'C1A'), ('C1B', 'C2B'), ('GL1', 'GL2')}","{('C1B', 'GL2'), ('C1A', 'GL1'), ('GL1', 'PO4')}"
56,DUPS,DU,PS,"[('CNO', 'PO4'), ('D1A', 'D2A'), ('D1A', 'GL1'), ('D1B', 'D2B'), ('D1B', 'GL2'), ('D2A', 'D3A'), ('D2B', 'D3B'), ('D3A', 'D4A'), ('D3B', 'D4B'), ('D4A', 'D5A'), ('D4B', 'D5B'), ('GL1', 'GL2'), ('GL1', 'PO4')]","{('PO4', 'GL1'), ('CNO', 'PO4'), ('GL1', 'GL2')}","{('D2A', 'D3A'), ('D4A', 'D5A'), ('D3A', 'D4A'), ('PO4', 'GL1'), ('GL2', 'D1B'), ('D1A', 'D2A'), ('D4B', 'D5B'), ('GL1', 'D1A'), ('D1B', 'D2B'), ('D3B', 'D4B'), ('GL1', 'GL2'), ('D2B', 'D3B')}","{('D1B', 'GL2'), ('D1A', 'GL1'), ('GL1', 'PO4')}"
57,DVPS,DV,PS,"[('C1A', 'C2A'), ('C1A', 'GL1'), ('C1B', 'C2B'), ('C1B', 'GL2'), ('C2A', 'D3A'), ('C2B', 'D3B'), ('C4A', 'D3A'), ('C4B', 'D3B'), ('CNO', 'PO4'), ('GL1', 'GL2'), ('GL1', 'PO4')]","{('PO4', 'GL1'), ('CNO', 'PO4'), ('GL1', 'GL2')}","{('GL2', 'C1B'), ('C1A', 'C2A'), ('C2A', 'D3A'), ('PO4', 'GL1'), ('C2B', 'D3B'), ('D3A', 'C4A'), ('GL1', 'C1A'), ('C1B', 'C2B'), ('D3B', 'C4B'), ('GL1', 'GL2')}","{('C1B', 'GL2'), ('C4A', 'D3A'), ('C1A', 'GL1'), ('C4B', 'D3B'), ('GL1', 'PO4')}"
58,DXPS,DX,PS,"[('C1A', 'C2A'), ('C1A', 'GL1'), ('C1B', 'C2B'), ('C1B', 'GL2'), ('C2A', 'C3A'), ('C2B', 'C3B'), ('C3A', 'C4A'), ('C3B', 'C4B'), ('C4A', 'C5A'), ('C4B', 'C5B'), ('C5A', 'C6A'), ('C5B', 'C6B'), ('CNO', 'PO4'), ('GL1', 'GL2'), ('GL1', 'PO4')]","{('PO4', 'GL1'), ('CNO', 'PO4'), ('GL1', 'GL2')}","{('C3B', 'C4B'), ('C2A', 'C3A'), ('C5B', 'C6B'), ('C4B', 'C5B'), ('C4A', 'C5A'), ('C2B', 'C3B'), ('C1B', 'C2B'), ('C3A', 'C4A')}","{('C1B', 'GL2'), ('C1A', 'C2A'), ('C1A', 'GL1'), ('GL1', 'PO4'), ('C5A', 'C6A')}"
59,DYPS,DY,PS,"[('C1A', 'D2A'), ('C1A', 'GL1'), ('C1B', 'D2B'), ('C1B', 'GL2'), ('C3A', 'D2A'), ('C3B', 'D2B'), ('CNO', 'PO4'), ('GL1', 'GL2'), ('GL1', 'PO4')]","{('PO4', 'GL1'), ('CNO', 'PO4'), ('GL1', 'GL2')}","{('GL2', 'C1B'), ('D2B', 'C3B'), ('GL1', 'GL2'), ('C1B', 'D2B'), ('PO4', 'GL1'), ('C1A', 'D2A'), ('GL1', 'C1A'), ('D2A', 'C3A')}","{('C1B', 'GL2'), ('C3B', 'D2B'), ('C3A', 'D2A'), ('C1A', 'GL1'), ('GL1', 'PO4')}"
60,LPPS,LP,PS,"[('C1A', 'C2A'), ('C1A', 'GL1'), ('C1B', 'C2B'), ('C1B', 'GL2'), ('C2A', 'C3A'), ('C2B', 'C3B'), ('C3A', 'C4A'), ('CNO', 'PO4'), ('GL1', 'GL2'), ('GL1', 'PO4')]","{('PO4', 'GL1'), ('CNO', 'PO4'), ('GL1', 'GL2')}","{('GL2', 'C1B'), ('PO4', 'GL1'), ('C2B', 'C3B'), ('C1B', 'C2B'), ('GL1', 'GL2')}","{('C1B', 'GL2'), ('C1A', 'C2A'), ('C2A', 'C3A'), ('C1A', 'GL1'), ('GL1', 'PO4'), ('C3A', 'C4A')}"
61,PAPS,PA,PS,"[('C1B', 'C2B'), ('C1B', 'GL2'), ('C2B', 'C3B'), ('C3B', 'C4B'), ('C5A', 'D4A'), ('CNO', 'PO4'), ('D1A', 'D2A'), ('D1A', 'GL1'), ('D2A', 'D3A'), ('D3A', 'D4A'), ('GL1', 'GL2'), ('GL1', 'PO4')]","{('PO4', 'GL1'), ('CNO', 'PO4'), ('GL1', 'GL2')}","{('C3B', 'C4B'), ('D2A', 'D3A'), ('GL2', 'C1B'), ('D3A', 'D4A'), ('D1A', 'D2A'), ('D4A', 'C5A'), ('GL1', 'D1A'), ('C2B', 'C3B'), ('C1B', 'C2B'), ('GL1', 'GL2')}","{('C1B', 'GL2'), ('C5A', 'D4A'), ('D1A', 'GL1'), ('GL1', 'PO4')}"
62,PGPS,PG,PS,"[('C1A', 'C2A'), ('C1A', 'GL1'), ('C1B', 'C2B'), ('C1B', 'GL2'), ('C2A', 'D3A'), ('C2B', 'C3B'), ('C3B', 'C4B'), ('C4A', 'C5A'), ('C4A', 'D3A'), ('CNO', 'PO4'), ('GL1', 'GL2'), ('GL1', 'PO4')]","{('PO4', 'GL1'), ('CNO', 'PO4'), ('GL1', 'GL2')}","{('C1B', 'C2B')}","{('C3B', 'C4B'), ('C1B', 'GL2'), ('C1A', 'C2A'), ('C4A', 'D3A'), ('C2A', 'D3A'), ('C4A', 'C5A'), ('C1A', 'GL1'), ('C2B', 'C3B'), ('GL1', 'PO4')}"
63,PIPS,PI,PS,"[('C1A', 'D2A'), ('C1A', 'GL1'), ('C1B', 'C2B'), ('C1B', 'GL2'), ('C2B', 'C3B'), ('C3B', 'C4B'), ('C4A', 'D3A'), ('CNO', 'PO4'), ('D2A', 'D3A'), ('GL1', 'GL2'), ('GL1', 'PO4')]","{('PO4', 'GL1'), ('CNO', 'PO4'), ('GL1', 'GL2')}","{('C3B', 'C4B'), ('D2A', 'D3A'), ('GL2', 'C1B'), ('C1A', 'D2A'), ('D3A', 'C4A'), ('C2B', 'C3B'), ('GL1', 'C1A'), ('C1B', 'C2B'), ('GL1', 'GL2')}","{('C1B', 'GL2'), ('C1A', 'GL1'), ('GL1', 'PO4'), ('C4A', 'D3A')}"
64,POPS,PO,PS,"[('C1A', 'D2A'), ('C1A', 'GL1'), ('C1B', 'C2B'), ('C1B', 'GL2'), ('C2B', 'C3B'), ('C3A', 'C4A'), ('C3A', 'D2A'), ('C3B', 'C4B'), ('CNO', 'PO4'), ('GL1', 'GL2'), ('GL1', 'PO4')]","{('PO4', 'GL1'), ('CNO', 'PO4'), ('GL1', 'GL2')}","{('C3B', 'C4B')}","{('C1B', 'GL2'), ('C3A', 'C4A'), ('C3A', 'D2A'), ('C1A', 'D2A'), ('C1A', 'GL1'), ('C2B', 'C3B'), ('C1B', 'C2B'), ('GL1', 'PO4')}"
65,PQPS,PQ,PS,"[('C1A', 'D2A'), ('C1A', 'GL1'), ('C1B', 'C2B'), ('C1B', 'GL2'), ('C2B', 'C3B'), ('C3B', 'C4B'), ('C5A', 'D4A'), ('CNO', 'PO4'), ('D2A', 'D3A'), ('D3A', 'D4A'), ('GL1', 'GL2'), ('GL1', 'PO4')]","{('PO4', 'GL1'), ('CNO', 'PO4'), ('GL1', 'GL2')}","{('C3B', 'C4B'), ('D2A', 'D3A'), ('GL2', 'C1B'), ('D3A', 'D4A'), ('PO4', 'GL1'), ('C1A', 'D2A'), ('D4A', 'C5A'), ('C2B', 'C3B'), ('GL1', 'C1A'), ('C1B', 'C2B'), ('GL1', 'GL2')}","{('C1B', 'GL2'), ('C5A', 'D4A'), ('C1A', 'GL1'), ('GL1', 'PO4')}"
66,PRPS,PR,PS,"[('C1B', 'C2B'), ('C1B', 'GL2'), ('C2B', 'C3B'), ('C3B', 'C4B'), ('CNO', 'PO4'), ('D1A', 'D2A'), ('D1A', 'GL1'), ('D2A', 'D3A'), ('D3A', 'D4A'), ('D4A', 'D5A'), ('D5A', 'D6A'), ('GL1', 'GL2'), ('GL1', 'PO4')]","{('PO4', 'GL1'), ('CNO', 'PO4'), ('GL1', 'GL2')}","{('C3B', 'C4B'), ('D2A', 'D3A'), ('D4A', 'D5A'), ('GL2', 'C1B'), ('D3A', 'D4A'), ('D5A', 'D6A'), ('PO4', 'GL1'), ('D1A', 'D2A'), ('GL1', 'D1A'), ('C2B', 'C3B'), ('C1B', 'C2B'), ('GL1', 'GL2')}","{('C1B', 'GL2'), ('D1A', 'GL1'), ('GL1', 'PO4')}"
67,PUPS,PU,PS,"[('C1B', 'C2B'), ('C1B', 'GL2'), ('C2B', 'C3B'), ('C3B', 'C4B'), ('CNO', 'PO4'), ('D1A', 'D2A'), ('D1A', 'GL1'), ('D2A', 'D3A'), ('D3A', 'D4A'), ('D4A', 'D5A'), ('GL1', 'GL2'), ('GL1', 'PO4')]","{('PO4', 'GL1'), ('CNO', 'PO4'), ('GL1', 'GL2')}","{('C3B', 'C4B'), ('D2A', 'D3A'), ('D4A', 'D5A'), ('GL2', 'C1B'), ('D3A', 'D4A'), ('D1A', 'D2A'), ('GL1', 'D1A'), ('C2B', 'C3B'), ('C1B', 'C2B'), ('GL1', 'GL2')}","{('C1B', 'GL2'), ('D1A', 'GL1'), ('GL1', 'PO4')}"
68,DAPG,DA,PG,"[('C5A', 'D4A'), ('C5B', 'D4B'), ('D1A', 'D2A'), ('D1A', 'GL1'), ('D1B', 'D2B'), ('D1B', 'GL2'), ('D2A', 'D3A'), ('D2B', 'D3B'), ('D3A', 'D4A'), ('D3B', 'D4B'), ('GL0', 'PO4'), ('GL1', 'GL2'), ('GL1', 'PO4')]","{('PO4', 'GL1'), ('GL0', 'PO4'), ('GL1', 'GL2')}","{('D2A', 'D3A'), ('D3A', 'D4A'), ('D1B', 'D2B'), ('PO4', 'GL1'), ('GL2', 'D1B'), ('D1A', 'D2A'), ('D4A', 'C5A'), ('GL1', 'D1A'), ('D4B', 'C5B'), ('D3B', 'D4B'), ('GL1', 'GL2'), ('D2B', 'D3B')}","{('D1B', 'GL2'), ('C5A', 'D4A'), ('D1A', 'GL1'), ('C5B', 'D4B'), ('GL1', 'PO4')}"
69,DBPG,DB,PG,"[('C1A', 'C2A'), ('C1A', 'GL1'), ('C1B', 'C2B'), ('C1B', 'GL2'), ('C2A', 'C3A'), ('C2B', 'C3B'), ('C3A', 'C4A'), ('C3B', 'C4B'), ('C4A', 'C5A'), ('C4B', 'C5B'), ('GL0', 'PO4'), ('GL1', 'GL2'), ('GL1', 'PO4')]","{('PO4', 'GL1'), ('GL0', 'PO4'), ('GL1', 'GL2')}","{('C3B', 'C4B'), ('C2A', 'C3A'), ('C4B', 'C5B'), ('C2B', 'C3B'), ('C1B', 'C2B'), ('C3A', 'C4A')}","{('C1B', 'GL2'), ('C1A', 'C2A'), ('C4A', 'C5A'), ('C1A', 'GL1'), ('GL1', 'PO4')}"
70,DFPG,DF,PG,"[('C1A', 'D2A'), ('C1A', 'GL1'), ('C1B', 'D2B'), ('C1B', 'GL2'), ('D2A', 'D3A'), ('D2B', 'D3B'), ('D3A', 'D4A'), ('D3B', 'D4B'), ('GL0', 'PO4'), ('GL1', 'GL2'), ('GL1', 'PO4')]","{('PO4', 'GL1'), ('GL0', 'PO4'), ('GL1', 'GL2')}","{('D2A', 'D3A'), ('GL2', 'C1B'), ('C1B', 'D2B'), ('D3A', 'D4A'), ('PO4', 'GL1'), ('C1A', 'D2A'), ('GL1', 'C1A'), ('D3B', 'D4B'), ('GL1', 'GL2'), ('D2B', 'D3B')}","{('C1B', 'GL2'), ('C1A', 'GL1'), ('GL1', 'PO4')}"
71,DGPG,DG,PG,"[('C1A', 'C2A'), ('C1A', 'GL1'), ('C1B', 'C2B'), ('C1B', 'GL2'), ('C2A', 'D3A'), ('C2B', 'D3B'), ('C4A', 'C5A'), ('C4A', 'D3A'), ('C4B', 'C5B'), ('C4B', 'D3B'), ('GL0', 'PO4'), ('GL1', 'GL2'), ('GL1', 'PO4')]","{('PO4', 'GL1'), ('GL0', 'PO4'), ('GL1', 'GL2')}","{('GL2', 'C1B'), ('C1A', 'C2A'), ('C2A', 'D3A'), ('C4B', 'C5B'), ('PO4', 'GL1'), ('C4A', 'C5A'), ('C2B', 'D3B'), ('D3A', 'C4A'), ('GL1', 'C1A'), ('C1B', 'C2B'), ('D3B', 'C4B'), ('GL1', 'GL2')}","{('C1B', 'GL2'), ('C4A', 'D3A'), ('C1A', 'GL1'), ('C4B', 'D3B'), ('GL1', 'PO4')}"
72,DIPG,DI,PG,"[('C1A', 'D2A'), ('C1A', 'GL1'), ('C1B', 'D2B'), ('C1B', 'GL2'), ('C4A', 'D3A'), ('C4B', 'D3B'), ('D2A', 'D3A'), ('D2B', 'D3B'), ('GL0', 'PO4'), ('GL1', 'GL2'), ('GL1', 'PO4')]","{('PO4', 'GL1'), ('GL0', 'PO4'), ('GL1', 'GL2')}","{('D2A', 'D3A'), ('GL2', 'C1B'), ('C1B', 'D2B'), ('PO4', 'GL1'), ('C1A', 'D2A'), ('D3A', 'C4A'), ('GL1', 'C1A'), ('D3B', 'C4B'), ('GL1', 'GL2'), ('D2B', 'D3B')}","{('C1B', 'GL2'), ('C4A', 'D3A'), ('C1A', 'GL1'), ('C4B', 'D3B'), ('GL1', 'PO4')}"
73,DLPG,DL,PG,"[('C1A', 'C2A'), ('C1A', 'GL1'), ('C1B', 'C2B'), ('C1B', 'GL2'), ('C2A', 'C3A'), ('C2B', 'C3B'), ('GL0', 'PO4'), ('GL1', 'GL2'), ('GL1', 'PO4')]","{('PO4', 'GL1'), ('GL0', 'PO4'), ('GL1', 'GL2')}","{('GL2', 'C1B'), ('C1A', 'C2A'), ('C2A', 'C3A'), ('PO4', 'GL1'), ('C2B', 'C3B'), ('GL1', 'C1A'), ('C1B', 'C2B'), ('GL1', 'GL2')}","{('C1B', 'GL2'), ('C1A', 'GL1'), ('GL1', 'PO4')}"
74,DNPG,DN,PG,"[('C1A', 'C2A'), ('C1A', 'GL1'), ('C1B', 'C2B'), ('C1B', 'GL2'), ('C2A', 'C3A'), ('C2B', 'C3B'), ('C3A', 'D4A'), ('C3B', 'D4B'), ('C5A', 'C6A'), ('C5A', 'D4A'), ('C5B', 'C6B'), ('C5B', 'D4B'), ('GL0', 'PO4'), ('GL1', 'GL2'), ('GL1', 'PO4')]","{('PO4', 'GL1'), ('GL0', 'PO4'), ('GL1', 'GL2')}","{('GL2', 'C1B'), ('C3B', 'D4B'), ('C1A', 'C2A'), ('C2A', 'C3A'), ('C5B', 'C6B'), ('PO4', 'GL1'), ('C3A', 'D4A'), ('D4A', 'C5A'), ('D4B', 'C5B'), ('C2B', 'C3B'), ('GL1', 'C1A'), ('C1B', 'C2B'), ('GL1', 'GL2'), ('C5A', 'C6A')}","{('C1B', 'GL2'), ('C5A', 'D4A'), ('C1A', 'GL1'), ('C5B', 'D4B'), ('GL1', 'PO4')}"
75,DOPG,DO,PG,"[('C1A', 'D2A'), ('C1A', 'GL1'), ('C1B', 'D2B'), ('C1B', 'GL2'), ('C3A', 'C4A'), ('C3A', 'D2A'), ('C3B', 'C4B'), ('C3B', 'D2B'), ('GL0', 'PO4'), ('GL1', 'GL2'), ('GL1', 'PO4')]","{('PO4', 'GL1'), ('GL0', 'PO4'), ('GL1', 'GL2')}","{('C3B', 'C4B'), ('GL2', 'C1B'), ('D2B', 'C3B'), ('GL1', 'GL2'), ('C1B', 'D2B'), ('PO4', 'GL1'), ('C1A', 'D2A'), ('GL1', 'C1A'), ('D2A', 'C3A'), ('C3A', 'C4A')}","{('C1B', 'GL2'), ('C3B', 'D2B'), ('C3A', 'D2A'), ('C1A', 'GL1'), ('GL1', 'PO4')}"
76,DPPG,DP,PG,"[('C1A', 'C2A'), ('C1A', 'GL1'), ('C1B', 'C2B'), ('C1B', 'GL2'), ('C2A', 'C3A'), ('C2B', 'C3B'), ('C3A', 'C4A'), ('C3B', 'C4B'), ('GL0', 'PO4'), ('GL1', 'GL2'), ('GL1', 'PO4')]","{('PO4', 'GL1'), ('GL0', 'PO4'), ('GL1', 'GL2')}","{('C3B', 'C4B'), ('C2B', 'C3B'), ('C1B', 'C2B'), ('C2A', 'C3A')}","{('C1B', 'GL2'), ('C1A', 'C2A'), ('C1A', 'GL1'), ('GL1', 'PO4'), ('C3A', 'C4A')}"
77,DRPG,DR,PG,"[('D1A', 'D2A'), ('D1A', 'GL1'), ('D1B', 'D2B'), ('D1B', 'GL2'), ('D2A', 'D3A'), ('D2B', 'D3B'), ('D3A', 'D4A'), ('D3B', 'D4B'), ('D4A', 'D5A'), ('D4B', 'D5B'), ('D5A', 'D6A'), ('D5B', 'D6B'), ('GL0', 'PO4'), ('GL1', 'GL2'), ('GL1', 'PO4')]","{('PO4', 'GL1'), ('GL0', 'PO4'), ('GL1', 'GL2')}","{('D2A', 'D3A'), ('D4A', 'D5A'), ('D3A', 'D4A'), ('D3B', 'D4B'), ('D5A', 'D6A'), ('PO4', 'GL1'), ('GL2', 'D1B'), ('D1A', 'D2A'), ('D4B', 'D5B'), ('GL1', 'D1A'), ('D1B', 'D2B'), ('D5B', 'D6B'), ('GL1', 'GL2'), ('D2B', 'D3B')}","{('D1B', 'GL2'), ('D1A', 'GL1'), ('GL1', 'PO4')}"
78,DTPG,DT,PG,"[('C1A', 'C2A'), ('C1A', 'GL1'), ('C1B', 'C2B'), ('C1B', 'GL2'), ('GL0', 'PO4'), ('GL1', 'GL2'), ('GL1', 'PO4')]","{('PO4', 'GL1'), ('GL0', 'PO4'), ('GL1', 'GL2')}","{('GL2', 'C1B'), ('C1A', 'C2A'), ('PO4', 'GL1'), ('GL1', 'C1A'), ('C1B', 'C2B'), ('GL1', 'GL2')}","{('C1B', 'GL2'), ('C1A', 'GL1'), ('GL1', 'PO4')}"
79,DVPG,DV,PG,"[('C1A', 'C2A'), ('C1A', 'GL1'), ('C1B', 'C2B'), ('C1B', 'GL2'), ('C2A', 'D3A'), ('C2B', 'D3B'), ('C4A', 'D3A'), ('C4B', 'D3B'), ('GL0', 'PO4'), ('GL1', 'GL2'), ('GL1', 'PO4')]","{('PO4', 'GL1'), ('GL0', 'PO4'), ('GL1', 'GL2')}","{('GL2', 'C1B'), ('C1A', 'C2A'), ('C2A', 'D3A'), ('PO4', 'GL1'), ('C2B', 'D3B'), ('D3A', 'C4A'), ('GL1', 'C1A'), ('C1B', 'C2B'), ('D3B', 'C4B'), ('GL1', 'GL2')}","{('C1B', 'GL2'), ('C4A', 'D3A'), ('C1A', 'GL1'), ('C4B', 'D3B'), ('GL1', 'PO4')}"
80,DXPG,DX,PG,"[('C1A', 'C2A'), ('C1A', 'GL1'), ('C1B', 'C2B'), ('C1B', 'GL2'), ('C2A', 'C3A'), ('C2B', 'C3B'), ('C3A', 'C4A'), ('C3B', 'C4B'), ('C4A', 'C5A'), ('C4B', 'C5B'), ('C5A', 'C6A'), ('C5B', 'C6B'), ('GL0', 'PO4'), ('GL1', 'GL2'), ('GL1', 'PO4')]","{('PO4', 'GL1'), ('GL0', 'PO4'), ('GL1', 'GL2')}","{('C3B', 'C4B'), ('C2A', 'C3A'), ('C5B', 'C6B'), ('C4B', 'C5B'), ('C4A', 'C5A'), ('C2B', 'C3B'), ('C1B', 'C2B'), ('C3A', 'C4A')}","{('C1B', 'GL2'), ('C1A', 'C2A'), ('C1A', 'GL1'), ('GL1', 'PO4'), ('C5A', 'C6A')}"
81,DYPG,DY,PG,"[('C1A', 'D2A'), ('C1A', 'GL1'), ('C1B', 'D2B'), ('C1B', 'GL2'), ('C3A', 'D2A'), ('C3B', 'D2B'), ('GL0', 'PO4'), ('GL1', 'GL2'), ('GL1', 'PO4')]","{('PO4', 'GL1'), ('GL0', 'PO4'), ('GL1', 'GL2')}","{('GL2', 'C1B'), ('D2B', 'C3B'), ('GL1', 'GL2'), ('C1B', 'D2B'), ('PO4', 'GL1'), ('C1A', 'D2A'), ('GL1', 'C1A'), ('D2A', 'C3A')}","{('C1B', 'GL2'), ('C3B', 'D2B'), ('C3A', 'D2A'), ('C1A', 'GL1'), ('GL1', 'PO4')}"
82,LPPG,LP,PG,"[('C1A', 'C2A'), ('C1A', 'GL1'), ('C1B', 'C2B'), ('C1B', 'GL2'), ('C2A', 'C3A'), ('C2B', 'C3B'), ('C3A', 'C4A'), ('GL0', 'PO4'), ('GL1', 'GL2'), ('GL1', 'PO4')]","{('PO4', 'GL1'), ('GL0', 'PO4'), ('GL1', 'GL2')}","{('GL2', 'C1B'), ('PO4', 'GL1'), ('C2B', 'C3B'), ('C1B', 'C2B'), ('GL1', 'GL2')}","{('C1B', 'GL2'), ('C1A', 'C2A'), ('C2A', 'C3A'), ('C1A', 'GL1'), ('GL1', 'PO4'), ('C3A', 'C4A')}"
83,PAPG,PA,PG,"[('C1B', 'C2B'), ('C1B', 'GL2'), ('C2B', 'C3B'), ('C3B', 'C4B'), ('C5A', 'D4A'), ('D1A', 'D2A'), ('D1A', 'GL1'), ('D2A', 'D3A'), ('D3A', 'D4A'), ('GL0', 'PO4'), ('GL1', 'GL2'), ('GL1', 'PO4')]","{('PO4', 'GL1'), ('GL0', 'PO4'), ('GL1', 'GL2')}","{('C3B', 'C4B'), ('D2A', 'D3A'), ('GL2', 'C1B'), ('D3A', 'D4A'), ('D1A', 'D2A'), ('D4A', 'C5A'), ('GL1', 'D1A'), ('C2B', 'C3B'), ('C1B', 'C2B'), ('GL1', 'GL2')}","{('C1B', 'GL2'), ('C5A', 'D4A'), ('D1A', 'GL1'), ('GL1', 'PO4')}"
84,PGPG,PG,PG,"[('C1A', 'C2A'), ('C1A', 'GL1'), ('C1B', 'C2B'), ('C1B', 'GL2'), ('C2A', 'D3A'), ('C2B', 'C3B'), ('C3B', 'C4B'), ('C4A', 'C5A'), ('C4A', 'D3A'), ('GL0', 'PO4'), ('GL1', 'GL2'), ('GL1', 'PO4')]","{('PO4', 'GL1'), ('GL0', 'PO4'), ('GL1', 'GL2')}","{('C1B', 'C2B')}","{('C3B', 'C4B'), ('C1B', 'GL2'), ('C1A', 'C2A'), ('C4A', 'D3A'), ('C2A', 'D3A'), ('C4A', 'C5A'), ('C1A', 'GL1'), ('C2B', 'C3B'), ('GL1', 'PO4')}"
85,PIPG,PI,PG,"[('C1A', 'D2A'), ('C1A', 'GL1'), ('C1B', 'C2B'), ('C1B', 'GL2'), ('C2B', 'C3B'), ('C3B', 'C4B'), ('C4A', 'D3A'), ('D2A', 'D3A'), ('GL0', 'PO4'), ('GL1', 'GL2'), ('GL1', 'PO4')]","{('PO4', 'GL1'), ('GL0', 'PO4'), ('GL1', 'GL2')}","{('C3B', 'C4B'), ('D2A', 'D3A'), ('GL2', 'C1B'), ('C1A', 'D2A'), ('D3A', 'C4A'), ('C2B', 'C3B'), ('GL1', 'C1A'), ('C1B', 'C2B'), ('GL1', 'GL2')}","{('C1B', 'GL2'), ('C1A', 'GL1'), ('GL1', 'PO4'), ('C4A', 'D3A')}"
86,POPG,PO,PG,"[('C1A', 'D2A'), ('C1A', 'GL1'), ('C1B', 'C2B'), ('C1B', 'GL2'), ('C2B', 'C3B'), ('C3A', 'C4A'), ('C3A', 'D2A'), ('C3B', 'C4B'), ('GL0', 'PO4'), ('GL1', 'GL2'), ('GL1', 'PO4')]","{('PO4', 'GL1'), ('GL0', 'PO4'), ('GL1', 'GL2')}","{('C3B', 'C4B')}","{('C1B', 'GL2'), ('C3A', 'C4A'), ('C3A', 'D2A'), ('C1A', 'D2A'), ('C1A', 'GL1'), ('C2B', 'C3B'), ('C1B', 'C2B'), ('GL1', 'PO4')}"
87,PRPG,PR,PG,"[('C1B', 'C2B'), ('C1B', 'GL2'), ('C2B', 'C3B'), ('C3B', 'C4B'), ('D1A', 'D2A'), ('D1A', 'GL1'), ('D2A', 'D3A'), ('D3A', 'D4A'), ('D4A', 'D5A'), ('D5A', 'D6A'), ('GL0', 'PO4'), ('GL1', 'GL2'), ('GL1', 'PO4')]","{('PO4', 'GL1'), ('GL0', 'PO4'), ('GL1', 'GL2')}","{('C3B', 'C4B'), ('D2A', 'D3A'), ('D4A', 'D5A'), ('GL2', 'C1B'), ('D3A', 'D4A'), ('D5A', 'D6A'), ('PO4', 'GL1'), ('D1A', 'D2A'), ('GL1', 'D1A'), ('C2B', 'C3B'), ('C1B', 'C2B'), ('GL1', 'GL2')}","{('C1B', 'GL2'), ('D1A', 'GL1'), ('GL1', 'PO4')}"
88,DAPA,DA,PA,"[('C5A', 'D4A'), ('C5B', 'D4B'), ('D1A', 'D2A'), ('D1A', 'GL1'), ('D1B', 'D2B'), ('D1B', 'GL2'), ('D2A', 'D3A'), ('D2B', 'D3B'), ('D3A', 'D4A'), ('D3B', 'D4B'), ('GL1', 'GL2'), ('GL1', 'PO4')]","{('PO4', 'GL1'), ('GL1', 'GL2')}","{('D2A', 'D3A'), ('D3A', 'D4A'), ('D1B', 'D2B'), ('PO4', 'GL1'), ('GL2', 'D1B'), ('D1A', 'D2A'), ('D4A', 'C5A'), ('GL1', 'D1A'), ('D4B', 'C5B'), ('D3B', 'D4B'), ('GL1', 'GL2'), ('D2B', 'D3B')}","{('D1B', 'GL2'), ('C5A', 'D4A'), ('D1A', 'GL1'), ('C5B', 'D4B'), ('GL1', 'PO4')}"
89,DBPA,DB,PA,"[('C1A', 'C2A'), ('C1A', 'GL1'), ('C1B', 'C2B'), ('C1B', 'GL2'), ('C2A', 'C3A'), ('C2B', 'C3B'), ('C3A', 'C4A'), ('C3B', 'C4B'), ('C4A', 'C5A'), ('C4B', 'C5B'), ('GL1', 'GL2'), ('GL1', 'PO4')]","{('PO4', 'GL1'), ('GL1', 'GL2')}","{('C3B', 'C4B'), ('C2A', 'C3A'), ('C4B', 'C5B'), ('C2B', 'C3B'), ('C1B', 'C2B'), ('C3A', 'C4A')}","{('C1B', 'GL2'), ('C1A', 'C2A'), ('C4A', 'C5A'), ('C1A', 'GL1'), ('GL1', 'PO4')}"
90,DFPA,DF,PA,"[('C1A', 'D2A'), ('C1A', 'GL1'), ('C1B', 'D2B'), ('C1B', 'GL2'), ('D2A', 'D3A'), ('D2B', 'D3B'), ('D3A', 'D4A'), ('D3B', 'D4B'), ('GL1', 'GL2'), ('GL1', 'PO4')]","{('PO4', 'GL1'), ('GL1', 'GL2')}","{('D2A', 'D3A'), ('GL2', 'C1B'), ('C1B', 'D2B'), ('D3A', 'D4A'), ('PO4', 'GL1'), ('C1A', 'D2A'), ('GL1', 'C1A'), ('D3B', 'D4B'), ('GL1', 'GL2'), ('D2B', 'D3B')}","{('C1B', 'GL2'), ('C1A', 'GL1'), ('GL1', 'PO4')}"
91,DGPA,DG,PA,"[('C1A', 'C2A'), ('C1A', 'GL1'), ('C1B', 'C2B'), ('C1B', 'GL2'), ('C2A', 'D3A'), ('C2B', 'D3B'), ('C4A', 'C5A'), ('C4A', 'D3A'), ('C4B', 'C5B'), ('C4B', 'D3B'), ('GL1', 'GL2'), ('GL1', 'PO4')]","{('PO4', 'GL1'), ('GL1', 'GL2')}","{('GL2', 'C1B'), ('C1A', 'C2A'), ('C2A', 'D3A'), ('C4B', 'C5B'), ('PO4', 'GL1'), ('C4A', 'C5A'), ('C2B', 'D3B'), ('D3A', 'C4A'), ('GL1', 'C1A'), ('C1B', 'C2B'), ('D3B', 'C4B'), ('GL1', 'GL2')}","{('C1B', 'GL2'), ('C4A', 'D3A'), ('C1A', 'GL1'), ('C4B', 'D3B'), ('GL1', 'PO4')}"
92,DIPA,DI,PA,"[('C1A', 'D2A'), ('C1A', 'GL1'), ('C1B', 'D2B'), ('C1B', 'GL2'), ('C4A', 'D3A'), ('C4B', 'D3B'), ('D2A', 'D3A'), ('D2B', 'D3B'), ('GL1', 'GL2'), ('GL1', 'PO4')]","{('PO4', 'GL1'), ('GL1', 'GL2')}","{('D2A', 'D3A'), ('GL2', 'C1B'), ('C1B', 'D2B'), ('PO4', 'GL1'), ('C1A', 'D2A'), ('D3A', 'C4A'), ('GL1', 'C1A'), ('D3B', 'C4B'), ('GL1', 'GL2'), ('D2B', 'D3B')}","{('C1B', 'GL2'), ('C4A', 'D3A'), ('C1A', 'GL1'), ('C4B', 'D3B'), ('GL1', 'PO4')}"
93,DLPA,DL,PA,"[('C1A', 'C2A'), ('C1A', 'GL1'), ('C1B', 'C2B'), ('C1B', 'GL2'), ('C2A', 'C3A'), ('C2B', 'C3B'), ('GL1', 'GL2'), ('GL1', 'PO4')]","{('PO4', 'GL1'), ('GL1', 'GL2')}","{('GL2', 'C1B'), ('C1A', 'C2A'), ('C2A', 'C3A'), ('PO4', 'GL1'), ('C2B', 'C3B'), ('GL1', 'C1A'), ('C1B', 'C2B'), ('GL1', 'GL2')}","{('C1B', 'GL2'), ('C1A', 'GL1'), ('GL1', 'PO4')}"
94,DNPA,DN,PA,"[('C1A', 'C2A'), ('C1A', 'GL1'), ('C1B', 'C2B'), ('C1B', 'GL2'), ('C2A', 'C3A'), ('C2B', 'C3B'), ('C3A', 'D4A'), ('C3B', 'D4B'), ('C5A', 'C6A'), ('C5A', 'D4A'), ('C5B', 'C6B'), ('C5B', 'D4B'), ('GL1', 'GL2'), ('GL1', 'PO4')]","{('PO4', 'GL1'), ('GL1', 'GL2')}","{('GL2', 'C1B'), ('C3B', 'D4B'), ('C1A', 'C2A'), ('C2A', 'C3A'), ('C5B', 'C6B'), ('PO4', 'GL1'), ('C3A', 'D4A'), ('D4A', 'C5A'), ('D4B', 'C5B'), ('C2B', 'C3B'), ('GL1', 'C1A'), ('C1B', 'C2B'), ('GL1', 'GL2'), ('C5A', 'C6A')}","{('C1B', 'GL2'), ('C5A', 'D4A'), ('C1A', 'GL1'), ('C5B', 'D4B'), ('GL1', 'PO4')}"
95,DOPA,DO,PA,"[('C1A', 'D2A'), ('C1A', 'GL1'), ('C1B', 'D2B'), ('C1B', 'GL2'), ('C3A', 'C4A'), ('C3A', 'D2A'), ('C3B', 'C4B'), ('C3B', 'D2B'), ('GL1', 'GL2'), ('GL1', 'PO4')]","{('PO4', 'GL1'), ('GL1', 'GL2')}","{('C3B', 'C4B'), ('GL2', 'C1B'), ('D2B', 'C3B'), ('GL1', 'GL2'), ('C1B', 'D2B'), ('PO4', 'GL1'), ('C1A', 'D2A'), ('GL1', 'C1A'), ('D2A', 'C3A'), ('C3A', 'C4A')}","{('C1B', 'GL2'), ('C3B', 'D2B'), ('C3A', 'D2A'), ('C1A', 'GL1'), ('GL1', 'PO4')}"
96,DPPA,DP,PA,"[('C1A', 'C2A'), ('C1A', 'GL1'), ('C1B', 'C2B'), ('C1B', 'GL2'), ('C2A', 'C3A'), ('C2B', 'C3B'), ('C3A', 'C4A'), ('C3B', 'C4B'), ('GL1', 'GL2'), ('GL1', 'PO4')]","{('PO4', 'GL1'), ('GL1', 'GL2')}","{('C3B', 'C4B'), ('C2B', 'C3B'), ('C1B', 'C2B'), ('C2A', 'C3A')}","{('C1B', 'GL2'), ('C1A', 'C2A'), ('C1A', 'GL1'), ('GL1', 'PO4'), ('C3A', 'C4A')}"
97,DRPA,DR,PA,"[('D1A', 'D2A'), ('D1A', 'GL1'), ('D1B', 'D2B'), ('D1B', 'GL2'), ('D2A', 'D3A'), ('D2B', 'D3B'), ('D3A', 'D4A'), ('D3B', 'D4B'), ('D4A', 'D5A'), ('D4B', 'D5B'), ('D5A', 'D6A'), ('D5B', 'D6B'), ('GL1', 'GL2'), ('GL1', 'PO4')]","{('PO4', 'GL1'), ('GL1', 'GL2')}","{('D2A', 'D3A'), ('D4A', 'D5A'), ('D3A', 'D4A'), ('D3B', 'D4B'), ('D5A', 'D6A'), ('PO4', 'GL1'), ('GL2', 'D1B'), ('D1A', 'D2A'), ('D4B', 'D5B'), ('GL1', 'D1A'), ('D1B', 'D2B'), ('D5B', 'D6B'), ('GL1', 'GL2'), ('D2B', 'D3B')}","{('D1B', 'GL2'), ('D1A', 'GL1'), ('GL1', 'PO4')}"
98,DTPA,DT,PA,"[('C1A', 'C2A'), ('C1A', 'GL1'), ('C1B', 'C2B'), ('C1B', 'GL2'), ('GL1', 'GL2'), ('GL1', 'PO4')]","{('PO4', 'GL1'), ('GL1', 'GL2')}","{('GL2', 'C1B'), ('C1A', 'C2A'), ('PO4', 'GL1'), ('GL1', 'C1A'), ('C1B', 'C2B'), ('GL1', 'GL2')}","{('C1B', 'GL2'), ('C1A', 'GL1'), ('GL1', 'PO4')}"
99,DVPA,DV,PA,"[('C1A', 'C2A'), ('C1A', 'GL1'), ('C1B', 'C2B'), ('C1B', 'GL2'), ('C2A', 'D3A'), ('C2B', 'D3B'), ('C4A', 'D3A'), ('C4B', 'D3B'), ('GL1', 'GL2'), ('GL1', 'PO4')]","{('PO4', 'GL1'), ('GL1', 'GL2')}","{('GL2', 'C1B'), ('C1A', 'C2A'), ('C2A', 'D3A'), ('PO4', 'GL1'), ('C2B', 'D3B'), ('D3A', 'C4A'), ('GL1', 'C1A'), ('C1B', 'C2B'), ('D3B', 'C4B'), ('GL1', 'GL2')}","{('C1B', 'GL2'), ('C4A', 'D3A'), ('C1A', 'GL1'), ('C4B', 'D3B'), ('GL1', 'PO4')}"
100,DXPA,DX,PA,"[('C1A', 'C2A'), ('C1A', 'GL1'), ('C1B', 'C2B'), ('C1B', 'GL2'), ('C2A', 'C3A'), ('C2B', 'C3B'), ('C3A', 'C4A'), ('C3B', 'C4B'), ('C4A', 'C5A'), ('C4B', 'C5B'), ('C5A', 'C6A'), ('C5B', 'C6B'), ('GL1', 'GL2'), ('GL1', 'PO4')]","{('PO4', 'GL1'), ('GL1', 'GL2')}","{('C3B', 'C4B'), ('C2A', 'C3A'), ('C5B', 'C6B'), ('C4B', 'C5B'), ('C4A', 'C5A'), ('C2B', 'C3B'), ('C1B', 'C2B'), ('C3A', 'C4A')}","{('C1B', 'GL2'), ('C1A', 'C2A'), ('C1A', 'GL1'), ('GL1', 'PO4'), ('C5A', 'C6A')}"
101,DYPA,DY,PA,"[('C1A', 'D2A'), ('C1A', 'GL1'), ('C1B', 'D2B'), ('C1B', 'GL2'), ('C3A', 'D2A'), ('C3B', 'D2B'), ('GL1', 'GL2'), ('GL1', 'PO4')]","{('PO4', 'GL1'), ('GL1', 'GL2')}","{('GL2', 'C1B'), ('D2B', 'C3B'), ('GL1', 'GL2'), ('C1B', 'D2B'), ('PO4', 'GL1'), ('C1A', 'D2A'), ('GL1', 'C1A'), ('D2A', 'C3A')}","{('C1B', 'GL2'), ('C3B', 'D2B'), ('C3A', 'D2A'), ('C1A', 'GL1'), ('GL1', 'PO4')}"
102,LPPA,LP,PA,"[('C1A', 'C2A'), ('C1A', 'GL1'), ('C1B', 'C2B'), ('C1B', 'GL2'), ('C2A', 'C3A'), ('C2B', 'C3B'), ('C3A', 'C4A'), ('GL1', 'GL2'), ('GL1', 'PO4')]","{('PO4', 'GL1'), ('GL1', 'GL2')}","{('GL2', 'C1B'), ('PO4', 'GL1'), ('C2B', 'C3B'), ('C1B', 'C2B'), ('GL1', 'GL2')}","{('C1B', 'GL2'), ('C1A', 'C2A'), ('C2A', 'C3A'), ('C1A', 'GL1'), ('GL1', 'PO4'), ('C3A', 'C4A')}"
103,PAPA,PA,PA,"[('C1B', 'C2B'), ('C1B', 'GL2'), ('C2B', 'C3B'), ('C3B', 'C4B'), ('C5A', 'D4A'), ('D1A', 'D2A'), ('D1A', 'GL1'), ('D2A', 'D3A'), ('D3A', 'D4A'), ('GL1', 'GL2'), ('GL1', 'PO4')]","{('PO4', 'GL1'), ('GL1', 'GL2')}","{('C3B', 'C4B'), ('D2A', 'D3A'), ('GL2', 'C1B'), ('D3A', 'D4A'), ('D1A', 'D2A'), ('D4A', 'C5A'), ('GL1', 'D1A'), ('C2B', 'C3B'), ('C1B', 'C2B'), ('GL1', 'GL2')}","{('C1B', 'GL2'), ('C5A', 'D4A'), ('D1A', 'GL1'), ('GL1', 'PO4')}"
104,PGPA,PG,PA,"[('C1A', 'C2A'), ('C1A', 'GL1'), ('C1B', 'C2B'), ('C1B', 'GL2'), ('C2A', 'D3A'), ('C2B', 'C3B'), ('C3B', 'C4B'), ('C4A', 'C5A'), ('C4A', 'D3A'), ('GL1', 'GL2'), ('GL1', 'PO4')]","{('PO4', 'GL1'), ('GL1', 'GL2')}","{('C1B', 'C2B')}","{('C3B', 'C4B'), ('C1B', 'GL2'), ('C1A', 'C2A'), ('C4A', 'D3A'), ('C2A', 'D3A'), ('C4A', 'C5A'), ('C1A', 'GL1'), ('C2B', 'C3B'), ('GL1', 'PO4')}"
105,PIPA,PI,PA,"[('C1A', 'D2A'), ('C1A', 'GL1'), ('C1B', 'C2B'), ('C1B', 'GL2'), ('C2B', 'C3B'), ('C3B', 'C4B'), ('C4A', 'D3A'), ('D2A', 'D3A'), ('GL1', 'GL2'), ('GL1', 'PO4')]","{('PO4', 'GL1'), ('GL1', 'GL2')}","{('C3B', 'C4B'), ('D2A', 'D3A'), ('GL2', 'C1B'), ('C1A', 'D2A'), ('D3A', 'C4A'), ('C2B', 'C3B'), ('GL1', 'C1A'), ('C1B', 'C2B'), ('GL1', 'GL2')}","{('C1B', 'GL2'), ('C1A', 'GL1'), ('GL1', 'PO4'), ('C4A', 'D3A')}"
106,POPA,PO,PA,"[('C1A', 'D2A'), ('C1A', 'GL1'), ('C1B', 'C2B'), ('C1B', 'GL2'), ('C2B', 'C3B'), ('C3A', 'C4A'), ('C3A', 'D2A'), ('C3B', 'C4B'), ('GL1', 'GL2'), ('GL1', 'PO4')]","{('PO4', 'GL1'), ('GL1', 'GL2')}","{('C3B', 'C4B')}","{('C1B', 'GL2'), ('C3A', 'C4A'), ('C3A', 'D2A'), ('C1A', 'D2A'), ('C1A', 'GL1'), ('C2B', 'C3B'), ('C1B', 'C2B'), ('GL1', 'PO4')}"
107,PRPA,PR,PA,"[('C1B', 'C2B'), ('C1B', 'GL2'), ('C2B', 'C3B'), ('C3B', 'C4B'), ('D1A', 'D2A'), ('D1A', 'GL1'), ('D2A', 'D3A'), ('D3A', 'D4A'), ('D4A', 'D5A'), ('D5A', 'D6A'), ('GL1', 'GL2'), ('GL1', 'PO4')]","{('PO4', 'GL1'), ('GL1', 'GL2')}","{('C3B', 'C4B'), ('D2A', 'D3A'), ('D4A', 'D5A'), ('GL2', 'C1B'), ('D3A', 'D4A'), ('D5A', 'D6A'), ('PO4', 'GL1'), ('D1A', 'D2A'), ('GL1', 'D1A'), ('C2B', 'C3B'), ('C1B', 'C2B'), ('GL1', 'GL2')}","{('C1B', 'GL2'), ('D1A', 'GL1'), ('GL1', 'PO4')}"
108,PUPA,PU,PA,"[('C1B', 'C2B'), ('C1B', 'GL2'), ('C2B', 'C3B'), ('C3B', 'C4B'), ('D1A', 'D2A'), ('D1A', 'GL1'), ('D2A', 'D3A'), ('D3A', 'D4A'), ('D4A', 'D5A'), ('GL1', 'GL2'), ('GL1', 'PO4')]","{('PO4', 'GL1'), ('GL1', 'GL2')}","{('C3B', 'C4B'), ('D2A', 'D3A'), ('D4A', 'D5A'), ('GL2', 'C1B'), ('D3A', 'D4A'), ('D1A', 'D2A'), ('GL1', 'D1A'), ('C2B', 'C3B'), ('C1B', 'C2B'), ('GL1', 'GL2')}","{('C1B', 'GL2'), ('D1A', 'GL1'), ('GL1', 'PO4')}"
109,DPP1,DP,P1,"[('C1', 'C2'), ('C1', 'C3'), ('C1', 'P1'), ('C1', 'PO4'), ('C1A', 'C2A'), ('C1A', 'GL1'), ('C1B', 'C2B'), ('C1B', 'GL2'), ('C2', 'C3'), ('C2', 'P1'), ('C2A', 'C3A'), ('C2B', 'C3B'), ('C3A', 'C4A'), ('C3B', 'C4B'), ('GL1', 'GL2'), ('GL1', 'PO4')]","{('C3B', 'C4B'), ('GL2', 'C1B'), ('C2', 'P1'), ('C1', 'P1'), ('C1', 'C2'), ('PO4', 'GL1'), ('C1', 'PO4'), ('C2B', 'C3B'), ('GL1', 'C1A'), ('C1B', 'C2B'), ('C1', 'C3'), ('GL1', 'GL2'), ('C2', 'C3')}","{('C3B', 'C4B'), ('C2B', 'C3B'), ('C1B', 'C2B'), ('C2A', 'C3A')}","{('C1B', 'GL2'), ('C1A', 'C2A'), ('C1A', 'GL1'), ('GL1', 'PO4'), ('C3A', 'C4A')}"
110,DPP2,DP,P2,"[('C1', 'C2'), ('C1', 'C3'), ('C1', 'P1'), ('C1', 'PO4'), ('C1A', 'C2A'), ('C1A', 'GL1'), ('C1B', 'C2B'), ('C1B', 'GL2'), ('C2', 'C3'), ('C2', 'P1'), ('C2', 'P2'), ('C2A', 'C3A'), ('C2B', 'C3B'), ('C3', 'P2'), ('C3A', 'C4A'), ('C3B', 'C4B'), ('GL1', 'GL2'), ('GL1', 'PO4'), ('P1', 'P2')]","{('C3B', 'C4B'), ('P1', 'P2'), ('GL2', 'C1B'), ('GL1', 'GL2'), ('C2', 'P1'), ('C1', 'P1'), ('C1', 'C2'), ('PO4', 'GL1'), ('C1', 'PO4'), ('C2', 'P2'), ('C2B', 'C3B'), ('GL1', 'C1A'), ('C1B', 'C2B'), ('C1', 'C3'), ('C3', 'P2'), ('C2', 'C3')}","{('C3B', 'C4B'), ('C2B', 'C3B'), ('C1B', 'C2B'), ('C2A', 'C3A')}","{('C1B', 'GL2'), ('C1A', 'C2A'), ('C1A', 'GL1'), ('GL1', 'PO4'), ('C3A', 'C4A')}"
111,DPPI,DP,PI,"[('C1', 'C2'), ('C1', 'C3'), ('C1', 'PO4'), ('C1A', 'C2A'), ('C1A', 'GL1'), ('C1B', 'C2B'), ('C1B', 'GL2'), ('C2', 'C3'), ('C2A', 'C3A'), ('C2B', 'C3B'), ('C3A', 'C4A'), ('C3B', 'C4B'), ('GL1', 'GL2'), ('GL1', 'PO4')]","{('C3B', 'C4B'), ('GL2', 'C1B'), ('C1', 'C2'), ('PO4', 'GL1'), ('C1', 'PO4'), ('C2B', 'C3B'), ('C1B', 'C2B'), ('C1', 'C3'), ('GL1', 'GL2'), ('C2', 'C3')}","{('C3B', 'C4B'), ('C2B', 'C3B'), ('C1B', 'C2B'), ('C2A', 'C3A')}","{('C1B', 'GL2'), ('C1A', 'C2A'), ('C1A', 'GL1'), ('GL1', 'PO4'), ('C3A', 'C4A')}"
112,PAPI,PA,PI,"[('C1', 'C2'), ('C1', 'C3'), ('C1', 'PO4'), ('C1B', 'C2B'), ('C1B', 'GL2'), ('C2', 'C3'), ('C2B', 'C3B'), ('C3B', 'C4B'), ('C5A', 'D4A'), ('D1A', 'D2A'), ('D1A', 'GL1'), ('D2A', 'D3A'), ('D3A', 'D4A'), ('GL1', 'GL2'), ('GL1', 'PO4')]","{('C3B', 'C4B'), ('GL2', 'C1B'), ('C1', 'C2'), ('PO4', 'GL1'), ('C1', 'PO4'), ('C2B', 'C3B'), ('C1B', 'C2B'), ('C1', 'C3'), ('GL1', 'GL2'), ('C2', 'C3')}","{('C3B', 'C4B'), ('D2A', 'D3A'), ('GL2', 'C1B'), ('D3A', 'D4A'), ('D1A', 'D2A'), ('D4A', 'C5A'), ('GL1', 'D1A'), ('C2B', 'C3B'), ('C1B', 'C2B'), ('GL1', 'GL2')}","{('C1B', 'GL2'), ('C5A', 'D4A'), ('D1A', 'GL1'), ('GL1', 'PO4')}"
113,PIPI,PI,PI,"[('C1', 'C2'), ('C1', 'C3'), ('C1', 'PO4'), ('C1A', 'D2A'), ('C1A', 'GL1'), ('C1B', 'C2B'), ('C1B', 'GL2'), ('C2', 'C3'), ('C2B', 'C3B'), ('C3B', 'C4B'), ('C4A', 'D3A'), ('D2A', 'D3A'), ('GL1', 'GL2'), ('GL1', 'PO4')]","{('C3B', 'C4B'), ('GL2', 'C1B'), ('C1', 'C2'), ('PO4', 'GL1'), ('C1', 'PO4'), ('C2B', 'C3B'), ('C1B', 'C2B'), ('C1', 'C3'), ('GL1', 'GL2'), ('C2', 'C3')}","{('C3B', 'C4B'), ('D2A', 'D3A'), ('GL2', 'C1B'), ('C1A', 'D2A'), ('D3A', 'C4A'), ('C2B', 'C3B'), ('GL1', 'C1A'), ('C1B', 'C2B'), ('GL1', 'GL2')}","{('C1B', 'GL2'), ('C1A', 'GL1'), ('GL1', 'PO4'), ('C4A', 'D3A')}"
114,POP1,PO,P1,"[('C1', 'C2'), ('C1', 'C3'), ('C1', 'P1'), ('C1', 'PO4'), ('C1A', 'D2A'), ('C1A', 'GL1'), ('C1B', 'C2B'), ('C1B', 'GL2'), ('C2', 'C3'), ('C2', 'P1'), ('C2B', 'C3B'), ('C3A', 'C4A'), ('C3A', 'D2A'), ('C3B', 'C4B'), ('GL1', 'GL2'), ('GL1', 'PO4')]","{('C3B', 'C4B'), ('GL2', 'C1B'), ('C2', 'P1'), ('C1', 'P1'), ('C1', 'C2'), ('PO4', 'GL1'), ('C1', 'PO4'), ('C2B', 'C3B'), ('GL1', 'C1A'), ('C1B', 'C2B'), ('C1', 'C3'), ('GL1', 'GL2'), ('C2', 'C3')}","{('C3B', 'C4B')}","{('C1B', 'GL2'), ('C3A', 'D2A'), ('C1A', 'D2A'), ('C1A', 'GL1'), ('GL1', 'PO4'), ('C3A', 'C4A')}"
115,POP2,PO,P2,"[('C1', 'C2'), ('C1', 'C3'), ('C1', 'P1'), ('C1', 'PO4'), ('C1A', 'D2A'), ('C1A', 'GL1'), ('C1B', 'C2B'), ('C1B', 'GL2'), ('C2', 'C3'), ('C2', 'P1'), ('C2', 'P2'), ('C2B', 'C3B'), ('C3', 'P2'), ('C3A', 'C4A'), ('C3A', 'D2A'), ('C3B', 'C4B'), ('GL1', 'GL2'), ('GL1', 'PO4'), ('P1', 'P2')]","{('C3B', 'C4B'), ('P1', 'P2'), ('GL2', 'C1B'), ('GL1', 'GL2'), ('C2', 'P1'), ('C1', 'P1'), ('C1', 'C2'), ('PO4', 'GL1'), ('C1', 'PO4'), ('C2', 'P2'), ('C2B', 'C3B'), ('GL1', 'C1A'), ('C1B', 'C2B'), ('C1', 'C3'), ('C3', 'P2'), ('C2', 'C3')}","{('C3B', 'C4B')}","{('C1B', 'GL2'), ('C3A', 'D2A'), ('C1A', 'D2A'), ('C1A', 'GL1'), ('GL1', 'PO4'), ('C3A', 'C4A')}"
116,POP3,PO,P3,"[('C1', 'C2'), ('C1', 'C3'), ('C1', 'P1'), ('C1', 'P3'), ('C1', 'PO4'), ('C1A', 'D2A'), ('C1A', 'GL1'), ('C1B', 'C2B'), ('C1B', 'GL2'), ('C2', 'C3'), ('C2', 'P1'), ('C2', 'P2'), ('C2B', 'C3B'), ('C3', 'P2'), ('C3', 'P3'), ('C3A', 'C4A'), ('C3A', 'D2A'), ('C3B', 'C4B'), ('GL1', 'GL2'), ('GL1', 'PO4'), ('P1', 'P2'), ('P2', 'P3')]","{('C1', 'P1'), ('C2', 'P2'), ('C2B', 'C3B'), ('GL1', 'C1A'), ('P1', 'P2'), ('PO4', 'GL1'), ('C1', 'PO4'), ('C1', 'P3'), ('C1B', 'C2B'), ('C3', 'P2'), ('GL1', 'GL2'), ('C2', 'C3'), ('C3B', 'C4B'), ('GL2', 'C1B'), ('C2', 'P1'), ('C1', 'C2'), ('P2', 'P3'), ('C1', 'C3'), ('C3', 'P3')}","{('C3B', 'C4B')}","{('C1B', 'GL2'), ('C3A', 'D2A'), ('C1A', 'D2A'), ('C1A', 'GL1'), ('GL1', 'PO4'), ('C3A', 'C4A')}"
117,POPI,PO,PI,"[('C1', 'C2'), ('C1', 'C3'), ('C1', 'PO4'), ('C1A', 'D2A'), ('C1A', 'GL1'), ('C1B', 'C2B'), ('C1B', 'GL2'), ('C2', 'C3'), ('C2B', 'C3B'), ('C3A', 'C4A'), ('C3A', 'D2A'), ('C3B', 'C4B'), ('GL1', 'GL2'), ('GL1', 'PO4')]","{('C3B', 'C4B'), ('GL2', 'C1B'), ('C1', 'C2'), ('PO4', 'GL1'), ('C1', 'PO4'), ('C2B', 'C3B'), ('C1B', 'C2B'), ('C1', 'C3'), ('GL1', 'GL2'), ('C2', 'C3')}","{('C3B', 'C4B')}","{('C1B', 'GL2'), ('C3A', 'D2A'), ('C1A', 'D2A'), ('C1A', 'GL1'), ('GL1', 'PO4'), ('C3A', 'C4A')}"
118,PUPI,PU,PI,"[('C1', 'C2'), ('C1', 'C3'), ('C1', 'PO4'), ('C1B', 'C2B'), ('C1B', 'GL2'), ('C2', 'C3'), ('C2B', 'C3B'), ('C3B', 'C4B'), ('D1A', 'D2A'), ('D1A', 'GL1'), ('D2A', 'D3A'), ('D3A', 'D4A'), ('D4A', 'D5A'), ('GL1', 'GL2'), ('GL1', 'PO4')]","{('C3B', 'C4B'), ('GL2', 'C1B'), ('C1', 'C2'), ('PO4', 'GL1'), ('C1', 'PO4'), ('C2B', 'C3B'), ('C1B', 'C2B'), ('C1', 'C3'), ('GL1', 'GL2'), ('C2', 'C3')}","{('C3B', 'C4B'), ('D2A', 'D3A'), ('D4A', 'D5A'), ('GL2', 'C1B'), ('D3A', 'D4A'), ('D1A', 'D2A'), ('GL1', 'D1A'), ('C2B', 'C3B'), ('C1B', 'C2B'), ('GL1', 'GL2')}","{('C1B', 'GL2'), ('D1A', 'GL1'), ('GL1', 'PO4')}"
119,PVP1,PV,P1,"[('C1', 'C2'), ('C1', 'C3'), ('C1', 'P1'), ('C1', 'PO4'), ('C1A', 'C2A'), ('C1A', 'GL1'), ('C1B', 'C2B'), ('C1B', 'GL2'), ('C2', 'C3'), ('C2', 'P1'), ('C2A', 'D3A'), ('C2B', 'C3B'), ('C3B', 'C4B'), ('C4A', 'D3A'), ('GL1', 'GL2'), ('GL1', 'PO4')]","{('C3B', 'C4B'), ('GL2', 'C1B'), ('C2', 'P1'), ('C1', 'P1'), ('C1', 'C2'), ('PO4', 'GL1'), ('C1', 'PO4'), ('C2B', 'C3B'), ('GL1', 'C1A'), ('C1B', 'C2B'), ('C1', 'C3'), ('GL1', 'GL2'), ('C2', 'C3')}","{('C1B', 'C2B')}","{('C1B', 'GL2'), ('C1A', 'C2A'), ('C4A', 'D3A'), ('C2A', 'D3A'), ('C1A', 'GL1'), ('GL1', 'PO4')}"
120,PVP2,PV,P2,"[('C1', 'C2'), ('C1', 'C3'), ('C1', 'P1'), ('C1', 'PO4'), ('C1A', 'C2A'), ('C1A', 'GL1'), ('C1B', 'C2B'), ('C1B', 'GL2'), ('C2', 'C3'), ('C2', 'P1'), ('C2', 'P2'), ('C2A', 'D3A'), ('C2B', 'C3B'), ('C3', 'P2'), ('C3B', 'C4B'), ('C4A', 'D3A'), ('GL1', 'GL2'), ('GL1', 'PO4'), ('P1', 'P2')]","{('C3B', 'C4B'), ('P1', 'P2'), ('GL2', 'C1B'), ('GL1', 'GL2'), ('C2', 'P1'), ('C1', 'P1'), ('C1', 'C2'), ('PO4', 'GL1'), ('C1', 'PO4'), ('C2', 'P2'), ('C2B', 'C3B'), ('GL1', 'C1A'), ('C1B', 'C2B'), ('C1', 'C3'), ('C3', 'P2'), ('C2', 'C3')}","{('C1B', 'C2B')}","{('C1B', 'GL2'), ('C1A', 'C2A'), ('C4A', 'D3A'), ('C2A', 'D3A'), ('C1A', 'GL1'), ('GL1', 'PO4')}"
121,PVP3,PV,P3,"[('C1', 'C2'), ('C1', 'C3'), ('C1', 'P1'), ('C1', 'P3'), ('C1', 'PO4'), ('C1A', 'C2A'), ('C1A', 'GL1'), ('C1B', 'C2B'), ('C1B', 'GL2'), ('C2', 'C3'), ('C2', 'P1'), ('C2', 'P2'), ('C2A', 'D3A'), ('C2B', 'C3B'), ('C3', 'P2'), ('C3', 'P3'), ('C3B', 'C4B'), ('C4A', 'D3A'), ('GL1', 'GL2'), ('GL1', 'PO4'), ('P1', 'P2'), ('P2', 'P3')]","{('C1', 'P1'), ('C2', 'P2'), ('C2B', 'C3B'), ('GL1', 'C1A'), ('P1', 'P2'), ('PO4', 'GL1'), ('C1', 'PO4'), ('C1', 'P3'), ('C1B', 'C2B'), ('C3', 'P2'), ('GL1', 'GL2'), ('C2', 'C3'), ('C3B', 'C4B'), ('GL2', 'C1B'), ('C2', 'P1'), ('C1', 'C2'), ('P2', 'P3'), ('C1', 'C3'), ('C3', 'P3')}","{('C1B', 'C2B')}","{('C1B', 'GL2'), ('C1A', 'C2A'), ('C4A', 'D3A'), ('C2A', 'D3A'), ('C1A', 'GL1'), ('GL1', 'PO4')}"
122,PVPI,PV,PI,"[('C1', 'C2'), ('C1', 'C3'), ('C1', 'PO4'), ('C1A', 'C2A'), ('C1A', 'GL1'), ('C1B', 'C2B'), ('C1B', 'GL2'), ('C2', 'C3'), ('C2A', 'D3A'), ('C2B', 'C3B'), ('C3B', 'C4B'), ('C4A', 'D3A'), ('GL1', 'GL2'), ('GL1', 'PO4')]","{('C3B', 'C4B'), ('GL2', 'C1B'), ('C1', 'C2'), ('PO4', 'GL1'), ('C1', 'PO4'), ('C2B', 'C3B'), ('C1B', 'C2B'), ('C1', 'C3'), ('GL1', 'GL2'), ('C2', 'C3')}","{('C1B', 'C2B')}","{('C1B', 'GL2'), ('C1A', 'C2A'), ('C4A', 'D3A'), ('C2A', 'D3A'), ('C1A', 'GL1'), ('GL1', 'PO4')}"
123,PADG,PA,DG,"[('C1B', 'C2B'), ('C1B', 'GL2'), ('C2B', 'C3B'), ('C3B', 'C4B'), ('C5A', 'D4A'), ('D1A', 'D2A'), ('D1A', 'GL1'), ('D2A', 'D3A'), ('D3A', 'D4A'), ('GL1', 'GL2')]","{('C3B', 'C4B'), ('GL2', 'C1B'), ('C2B', 'C3B'), ('C1B', 'C2B'), ('GL1', 'GL2')}","{('C3B', 'C4B'), ('D2A', 'D3A'), ('GL2', 'C1B'), ('D3A', 'D4A'), ('D1A', 'D2A'), ('D4A', 'C5A'), ('GL1', 'D1A'), ('C2B', 'C3B'), ('C1B', 'C2B'), ('GL1', 'GL2')}","{('C1B', 'GL2'), ('C5A', 'D4A'), ('D1A', 'GL1')}"
124,PIDG,PI,DG,"[('C1A', 'D2A'), ('C1A', 'GL1'), ('C1B', 'C2B'), ('C1B', 'GL2'), ('C2B', 'C3B'), ('C3B', 'C4B'), ('C4A', 'D3A'), ('D2A', 'D3A'), ('GL1', 'GL2')]","{('C3B', 'C4B'), ('GL2', 'C1B'), ('C2B', 'C3B'), ('C1B', 'C2B'), ('GL1', 'GL2')}","{('C3B', 'C4B'), ('D2A', 'D3A'), ('GL2', 'C1B'), ('C1A', 'D2A'), ('D3A', 'C4A'), ('C2B', 'C3B'), ('GL1', 'C1A'), ('C1B', 'C2B'), ('GL1', 'GL2')}","{('C1B', 'GL2'), ('C1A', 'GL1'), ('C4A', 'D3A')}"
125,PODG,PO,DG,"[('C1A', 'D2A'), ('C1A', 'GL1'), ('C1B', 'C2B'), ('C1B', 'GL2'), ('C2B', 'C3B'), ('C3A', 'C4A'), ('C3A', 'D2A'), ('C3B', 'C4B'), ('GL1', 'GL2')]","{('C3B', 'C4B'), ('GL2', 'C1B'), ('C2B', 'C3B'), ('C1B', 'C2B'), ('GL1', 'GL2')}","{('C3B', 'C4B')}","{('C1B', 'GL2'), ('C3A', 'D2A'), ('C1A', 'D2A'), ('C1A', 'GL1'), ('C3A', 'C4A')}"
126,PUDG,PU,DG,"[('C1B', 'C2B'), ('C1B', 'GL2'), ('C2B', 'C3B'), ('C3B', 'C4B'), ('D1A', 'D2A'), ('D1A', 'GL1'), ('D2A', 'D3A'), ('D3A', 'D4A'), ('D4A', 'D5A'), ('GL1', 'GL2')]","{('C3B', 'C4B'), ('GL2', 'C1B'), ('C2B', 'C3B'), ('C1B', 'C2B'), ('GL1', 'GL2')}","{('C3B', 'C4B'), ('D2A', 'D3A'), ('D4A', 'D5A'), ('GL2', 'C1B'), ('D3A', 'D4A'), ('D1A', 'D2A'), ('GL1', 'D1A'), ('C2B', 'C3B'), ('C1B', 'C2B'), ('GL1', 'GL2')}","{('C1B', 'GL2'), ('D1A', 'GL1')}"
127,PVDG,PV,DG,"[('C1A', 'C2A'), ('C1A', 'GL1'), ('C1B', 'C2B'), ('C1B', 'GL2'), ('C2A', 'D3A'), ('C2B', 'C3B'), ('C3B', 'C4B'), ('C4A', 'D3A'), ('GL1', 'GL2')]","{('C3B', 'C4B'), ('GL2', 'C1B'), ('C2B', 'C3B'), ('C1B', 'C2B'), ('GL1', 'GL2')}","{('C1B', 'C2B')}","{('C1B', 'GL2'), ('C1A', 'C2A'), ('C4A', 'D3A'), ('C2A', 'D3A'), ('C1A', 'GL1')}"
128,BNSM,BN,SM,"[('AM1', 'AM2'), ('AM1', 'PO4'), ('AM1', 'T1A'), ('AM2', 'C1B'), ('C1B', 'C2B'), ('C2A', 'C3A'), ('C2A', 'T1A'), ('C2B', 'C3B'), ('C3A', 'C4A'), ('C3B', 'D4B'), ('C5B', 'C6B'), ('C5B', 'D4B'), ('NC3', 'PO4')]","{('AM2', 'C1B'), ('C2A', 'C3A'), ('NC3', 'PO4'), ('PO4', 'AM1'), ('AM1', 'T1A'), ('AM1', 'AM2'), ('T1A', 'C2A')}","{('AM2', 'C1B'), ('D4B', 'C5B'), ('C3B', 'D4B'), ('NC3', 'PO4'), ('C2A', 'C3A'), ('C5B', 'C6B'), ('C1B', 'C2B'), ('PO4', 'AM1'), ('AM1', 'T1A'), ('AM1', 'AM2'), ('T1A', 'C2A'), ('C3A', 'C4A'), ('C2B', 'C3B')}","{('AM1', 'PO4'), ('C2A', 'T1A'), ('C5B', 'D4B')}"
129,DBSM,DB,SM,"[('AM1', 'AM2'), ('AM1', 'PO4'), ('AM1', 'T1A'), ('AM2', 'C1B'), ('C1B', 'C2B'), ('C2A', 'C3A'), ('C2A', 'T1A'), ('C2B', 'C3B'), ('C3A', 'C4A'), ('C3B', 'C4B'), ('C4B', 'C5B'), ('NC3', 'PO4')]","{('AM2', 'C1B'), ('C2A', 'C3A'), ('NC3', 'PO4'), ('PO4', 'AM1'), ('AM1', 'T1A'), ('AM1', 'AM2'), ('T1A', 'C2A')}","{('C3B', 'C4B'), ('C2A', 'C3A'), ('C4B', 'C5B'), ('C2B', 'C3B'), ('C1B', 'C2B'), ('C3A', 'C4A')}","{('AM1', 'PO4'), ('C2A', 'T1A')}"
130,DPSM,DP,SM,"[('AM1', 'AM2'), ('AM1', 'PO4'), ('AM1', 'T1A'), ('AM2', 'C1B'), ('C1B', 'C2B'), ('C2A', 'C3A'), ('C2A', 'T1A'), ('C2B', 'C3B'), ('C3B', 'C4B'), ('NC3', 'PO4')]","{('AM2', 'C1B'), ('C2A', 'C3A'), ('NC3', 'PO4'), ('PO4', 'AM1'), ('AM1', 'T1A'), ('AM1', 'AM2'), ('T1A', 'C2A')}","{('C3B', 'C4B'), ('C2B', 'C3B'), ('C1B', 'C2B'), ('C2A', 'C3A')}","{('AM1', 'PO4'), ('C2A', 'T1A')}"
131,DXSM,DX,SM,"[('AM1', 'AM2'), ('AM1', 'PO4'), ('AM1', 'T1A'), ('AM2', 'C1B'), ('C1B', 'C2B'), ('C2A', 'C3A'), ('C2A', 'T1A'), ('C2B', 'C3B'), ('C3A', 'C4A'), ('C3B', 'C4B'), ('C4A', 'C5A'), ('C4B', 'C5B'), ('C5B', 'C6B'), ('NC3', 'PO4')]","{('AM2', 'C1B'), ('C2A', 'C3A'), ('NC3', 'PO4'), ('PO4', 'AM1'), ('AM1', 'T1A'), ('AM1', 'AM2'), ('T1A', 'C2A')}","{('C3B', 'C4B'), ('C2A', 'C3A'), ('C5B', 'C6B'), ('C4B', 'C5B'), ('C4A', 'C5A'), ('C2B', 'C3B'), ('C1B', 'C2B'), ('C3A', 'C4A')}","{('AM1', 'PO4'), ('C2A', 'T1A')}"
132,PGSM,PG,SM,"[('AM1', 'AM2'), ('AM1', 'PO4'), ('AM1', 'T1A'), ('AM2', 'C1B'), ('C1B', 'C2B'), ('C2A', 'C3A'), ('C2A', 'T1A'), ('C2B', 'D3B'), ('C4B', 'C5B'), ('C4B', 'D3B'), ('NC3', 'PO4')]","{('AM2', 'C1B'), ('C2A', 'C3A'), ('NC3', 'PO4'), ('PO4', 'AM1'), ('AM1', 'T1A'), ('AM1', 'AM2'), ('T1A', 'C2A')}","{('C1B', 'C2B')}","{('AM1', 'PO4'), ('C2A', 'T1A'), ('C4B', 'C5B'), ('C2B', 'D3B'), ('C4B', 'D3B')}"
133,PNSM,PN,SM,"[('AM1', 'AM2'), ('AM1', 'PO4'), ('AM1', 'T1A'), ('AM2', 'C1B'), ('C1B', 'C2B'), ('C2A', 'C3A'), ('C2A', 'T1A'), ('C2B', 'C3B'), ('C3B', 'D4B'), ('C5B', 'C6B'), ('C5B', 'D4B'), ('NC3', 'PO4')]","{('AM2', 'C1B'), ('C2A', 'C3A'), ('NC3', 'PO4'), ('PO4', 'AM1'), ('AM1', 'T1A'), ('AM1', 'AM2'), ('T1A', 'C2A')}","{('AM2', 'C1B'), ('AM1', 'T1A'), ('C3B', 'D4B'), ('C2A', 'C3A'), ('C5B', 'C6B'), ('D4B', 'C5B'), ('AM1', 'AM2'), ('T1A', 'C2A'), ('C1B', 'C2B'), ('C2B', 'C3B')}","{('AM1', 'PO4'), ('C2A', 'T1A'), ('C5B', 'D4B')}"
134,POSM,PO,SM,"[('AM1', 'AM2'), ('AM1', 'PO4'), ('AM1', 'T1A'), ('AM2', 'C1B'), ('C1B', 'D2B'), ('C2A', 'C3A'), ('C2A', 'T1A'), ('C3B', 'C4B'), ('C3B', 'D2B'), ('NC3', 'PO4')]","{('AM2', 'C1B'), ('C2A', 'C3A'), ('NC3', 'PO4'), ('PO4', 'AM1'), ('AM1', 'T1A'), ('AM1', 'AM2'), ('T1A', 'C2A')}","{('C3B', 'C4B')}","{('AM1', 'PO4'), ('C3B', 'D2B'), ('C2A', 'T1A'), ('C1B', 'D2B')}"
135,PVSM,PV,SM,"[('AM1', 'AM2'), ('AM1', 'PO4'), ('AM1', 'T1A'), ('AM2', 'C1B'), ('C1B', 'C2B'), ('C2A', 'C3A'), ('C2A', 'T1A'), ('C2B', 'D3B'), ('C4B', 'D3B'), ('NC3', 'PO4')]","{('AM2', 'C1B'), ('C2A', 'C3A'), ('NC3', 'PO4'), ('PO4', 'AM1'), ('AM1', 'T1A'), ('AM1', 'AM2'), ('T1A', 'C2A')}","{('C1B', 'C2B')}","{('AM1', 'PO4'), ('C2B', 'D3B'), ('C2A', 'T1A'), ('C4B', 'D3B')}"
136,XNSM,XN,SM,"[('AM1', 'AM2'), ('AM1', 'PO4'), ('AM1', 'T1A'), ('AM2', 'C1B'), ('C1B', 'C2B'), ('C2A', 'C3A'), ('C2A', 'T1A'), ('C2B', 'C3B'), ('C3A', 'C4A'), ('C3B', 'D4B'), ('C4A', 'C5A'), ('C5B', 'C6B'), ('C5B', 'D4B'), ('NC3', 'PO4')]","{('AM2', 'C1B'), ('C2A', 'C3A'), ('NC3', 'PO4'), ('PO4', 'AM1'), ('AM1', 'T1A'), ('AM1', 'AM2'), ('T1A', 'C2A')}","{('AM2', 'C1B'), ('AM1', 'T1A'), ('C3B', 'D4B'), ('C2A', 'C3A'), ('C5B', 'C6B'), ('C4A', 'C5A'), ('T1A', 'C2A'), ('D4B', 'C5B'), ('AM1', 'AM2'), ('C1B', 'C2B'), ('C3A', 'C4A'), ('C2B', 'C3B')}","{('AM1', 'PO4'), ('C2A', 'T1A'), ('C5B', 'D4B')}"
137,DPCE,DP,CE,"[('AM1', 'AM2'), ('AM1', 'T1A'), ('AM2', 'C1B'), ('C1B', 'C2B'), ('C2A', 'C3A'), ('C2A', 'T1A'), ('C2B', 'C3B'), ('C3B', 'C4B')]","{('AM2', 'C1B'), ('C2A', 'C3A'), ('AM1', 'T1A'), ('AM1', 'AM2'), ('T1A', 'C2A'), ('C1B', 'C2B'), ('C2B', 'C3B')}","{('C3B', 'C4B'), ('C2B', 'C3B'), ('C1B', 'C2B'), ('C2A', 'C3A')}","{('C2A', 'T1A')}"
138,DXCE,DX,CE,"[('AM1', 'AM2'), ('AM1', 'T1A'), ('AM2', 'C1B'), ('C1B', 'C2B'), ('C2A', 'C3A'), ('C2A', 'T1A'), ('C2B', 'C3B'), ('C3A', 'C4A'), ('C3B', 'C4B'), ('C4A', 'C5A'), ('C4B', 'C5B'), ('C5B', 'C6B')]","{('AM2', 'C1B'), ('C2A', 'C3A'), ('AM1', 'T1A'), ('AM1', 'AM2'), ('T1A', 'C2A'), ('C1B', 'C2B'), ('C2B', 'C3B')}","{('C3B', 'C4B'), ('C2A', 'C3A'), ('C5B', 'C6B'), ('C4B', 'C5B'), ('C4A', 'C5A'), ('C2B', 'C3B'), ('C1B', 'C2B'), ('C3A', 'C4A')}","{('C2A', 'T1A')}"
139,PNCE,PN,CE,"[('AM1', 'AM2'), ('AM1', 'T1A'), ('AM2', 'C1B'), ('C1B', 'C2B'), ('C2A', 'C3A'), ('C2A', 'T1A'), ('C2B', 'C3B'), ('C3B', 'D4B'), ('C5B', 'C6B'), ('C5B', 'D4B')]","{('AM2', 'C1B'), ('C2A', 'C3A'), ('AM1', 'T1A'), ('AM1', 'AM2'), ('T1A', 'C2A'), ('C1B', 'C2B'), ('C2B', 'C3B')}","{('AM2', 'C1B'), ('AM1', 'T1A'), ('C3B', 'D4B'), ('C2A', 'C3A'), ('C5B', 'C6B'), ('D4B', 'C5B'), ('AM1', 'AM2'), ('T1A', 'C2A'), ('C1B', 'C2B'), ('C2B', 'C3B')}","{('C2A', 'T1A'), ('C5B', 'D4B')}"
140,XNCE,XN,CE,"[('AM1', 'AM2'), ('AM1', 'T1A'), ('AM2', 'C1B'), ('C1B', 'C2B'), ('C2A', 'C3A'), ('C2A', 'T1A'), ('C2B', 'C3B'), ('C3A', 'C4A'), ('C3B', 'D4B'), ('C4A', 'C5A'), ('C5B', 'C6B'), ('C5B', 'D4B')]","{('AM2', 'C1B'), ('C2A', 'C3A'), ('AM1', 'T1A'), ('AM1', 'AM2'), ('T1A', 'C2A'), ('C1B', 'C2B'), ('C2B', 'C3B')}","{('AM2', 'C1B'), ('AM1', 'T1A'), ('C3B', 'D4B'), ('C2A', 'C3A'), ('C5B', 'C6B'), ('C4A', 'C5A'), ('T1A', 'C2A'), ('D4B', 'C5B'), ('AM1', 'AM2'), ('C1B', 'C2B'), ('C3A', 'C4A'), ('C2B', 'C3B')}","{('C2A', 'T1A'), ('C5B', 'D4B')}"
