,Lipid Comp,Head,Tail,All Node Features,Common Tail Features,Common Head Features,Exclusive Features
0,DAPC,DA,PC,"{'D4A', 'GL2', 'D3A', 'NC3', 'PO4', 'GL1', 'D4B', 'C5B', 'D2A', 'C5A', 'D3B', 'D1A', 'D1B', 'D2B'}","{'GL1', 'GL2', 'NC3', 'PO4'}","{'D4A', 'GL2', 'D3A', 'PO4', 'GL1', 'D4B', 'C5B', 'D2A', 'C5A', 'D3B', 'D1A', 'D1B', 'D2B'}",set()
1,DBPC,DB,PC,"{'GL2', 'C1A', 'NC3', 'PO4', 'C3B', 'GL1', 'C5B', 'C5A', 'C4A', 'C2A', 'C1B', 'C2B', 'C4B', 'C3A'}","{'GL1', 'GL2', 'NC3', 'PO4'}","{'PO4', 'C3B', 'C5B', 'C1B', 'C4A', 'C2A', 'C2B', 'C4B', 'C3A'}","{'C1A', 'C5A'}"
2,DFPC,DF,PC,"{'D4A', 'GL2', 'D3A', 'C1A', 'NC3', 'PO4', 'GL1', 'D4B', 'D2A', 'C1B', 'D3B', 'D2B'}","{'GL1', 'GL2', 'NC3', 'PO4'}","{'D4A', 'GL2', 'D3A', 'C1A', 'PO4', 'GL1', 'D4B', 'D2A', 'C1B', 'D3B', 'D2B'}",set()
3,DGPC,DG,PC,"{'GL2', 'D3A', 'C1A', 'NC3', 'PO4', 'GL1', 'C5B', 'C5A', 'C4A', 'C2A', 'C1B', 'C2B', 'D3B', 'C4B'}","{'GL1', 'GL2', 'NC3', 'PO4'}","{'GL2', 'D3A', 'C1A', 'PO4', 'GL1', 'C5B', 'C5A', 'C4A', 'C2A', 'C1B', 'C2B', 'D3B', 'C4B'}",set()
4,DIPC,DI,PC,"{'GL2', 'D3A', 'C1A', 'NC3', 'PO4', 'GL1', 'D2A', 'C4A', 'C1B', 'D3B', 'C4B', 'D2B'}","{'GL1', 'GL2', 'NC3', 'PO4'}","{'GL2', 'D3A', 'C1A', 'PO4', 'GL1', 'D2A', 'C4A', 'C1B', 'D3B', 'C4B', 'D2B'}",set()
5,DLPC,DL,PC,"{'GL2', 'C1A', 'NC3', 'PO4', 'C3B', 'GL1', 'C1B', 'C2B', 'C2A', 'C3A'}","{'GL1', 'GL2', 'NC3', 'PO4'}","{'GL2', 'C1A', 'PO4', 'C3B', 'GL1', 'C1B', 'C2B', 'C2A', 'C3A'}",set()
6,DNPC,DN,PC,"{'D4A', 'GL2', 'C6A', 'C6B', 'C1A', 'NC3', 'PO4', 'C3B', 'GL1', 'D4B', 'C5B', 'C5A', 'C1B', 'C2A', 'C2B', 'C3A'}","{'GL1', 'GL2', 'NC3', 'PO4'}","{'D4A', 'GL2', 'C6A', 'C6B', 'C1A', 'PO4', 'C3B', 'GL1', 'D4B', 'C5B', 'C5A', 'C1B', 'C2A', 'C2B', 'C3A'}",set()
7,DOPC,DO,PC,"{'GL2', 'C1A', 'NC3', 'PO4', 'C3B', 'GL1', 'D2A', 'C4A', 'C1B', 'C4B', 'D2B', 'C3A'}","{'GL1', 'GL2', 'NC3', 'PO4'}","{'GL2', 'C1A', 'PO4', 'C3B', 'GL1', 'D2A', 'C4A', 'C1B', 'C4B', 'D2B', 'C3A'}",set()
8,DPPC,DP,PC,"{'GL2', 'C1A', 'NC3', 'PO4', 'C3B', 'GL1', 'C1B', 'C4A', 'C2A', 'C2B', 'C4B', 'C3A'}","{'GL1', 'GL2', 'NC3', 'PO4'}","{'C3B', 'C2B', 'C1B', 'C2A', 'C4B', 'C3A'}","{'C1A', 'C4A'}"
9,DRPC,DR,PC,"{'D4A', 'GL2', 'D3A', 'D6B', 'D6A', 'D5B', 'NC3', 'PO4', 'D5A', 'GL1', 'D4B', 'D2A', 'D3B', 'D1A', 'D1B', 'D2B'}","{'GL1', 'GL2', 'NC3', 'PO4'}","{'D4A', 'GL2', 'D3A', 'D6B', 'D6A', 'D5B', 'PO4', 'D5A', 'GL1', 'D4B', 'D2A', 'D3B', 'D1A', 'D1B', 'D2B'}",set()
10,DTPC,DT,PC,"{'GL2', 'C1A', 'NC3', 'PO4', 'GL1', 'C1B', 'C2B', 'C2A'}","{'GL1', 'GL2', 'NC3', 'PO4'}","{'GL2', 'C1A', 'PO4', 'GL1', 'C1B', 'C2B', 'C2A'}",set()
11,DVPC,DV,PC,"{'GL2', 'D3A', 'C1A', 'NC3', 'PO4', 'GL1', 'C1B', 'C4A', 'C2A', 'C2B', 'D3B', 'C4B'}","{'GL1', 'GL2', 'NC3', 'PO4'}","{'GL2', 'D3A', 'C1A', 'PO4', 'GL1', 'C1B', 'C4A', 'C2A', 'C2B', 'D3B', 'C4B'}",set()
12,DXPC,DX,PC,"{'GL2', 'C6A', 'C6B', 'C1A', 'NC3', 'PO4', 'C3B', 'GL1', 'C5B', 'C5A', 'C4A', 'C2A', 'C1B', 'C2B', 'C4B', 'C3A'}","{'GL1', 'GL2', 'NC3', 'PO4'}","{'C6B', 'C3B', 'C5B', 'C5A', 'C4A', 'C2A', 'C1B', 'C2B', 'C4B', 'C3A'}","{'C6A', 'C1A'}"
13,DYPC,DY,PC,"{'GL2', 'C1A', 'NC3', 'PO4', 'C3B', 'GL1', 'D2A', 'C1B', 'D2B', 'C3A'}","{'GL1', 'GL2', 'NC3', 'PO4'}","{'GL2', 'C1A', 'PO4', 'C3B', 'GL1', 'D2A', 'C1B', 'D2B', 'C3A'}",set()
14,LPPC,LP,PC,"{'GL2', 'C1A', 'NC3', 'PO4', 'C3B', 'GL1', 'C1B', 'C4A', 'C2A', 'C2B', 'C3A'}","{'GL1', 'GL2', 'NC3', 'PO4'}","{'GL2', 'PO4', 'C3B', 'GL1', 'C1B', 'C2B'}","{'C3A', 'C1A', 'C4A', 'C2A'}"
15,PAPC,PA,PC,"{'D4A', 'GL2', 'D3A', 'NC3', 'PO4', 'C3B', 'GL1', 'D2A', 'C5A', 'C1B', 'C2B', 'C4B', 'D1A'}","{'GL1', 'GL2', 'NC3', 'PO4'}","{'D4A', 'GL2', 'D3A', 'C3B', 'GL1', 'D2A', 'C5A', 'C1B', 'C2B', 'C4B', 'D1A'}",set()
16,PEPC,PE,PC,"{'D4A', 'GL2', 'D3A', 'C1A', 'NC3', 'PO4', 'C3B', 'GL1', 'C5A', 'C1B', 'C2A', 'C2B', 'C4B'}","{'GL1', 'GL2', 'NC3', 'PO4'}","{'D4A', 'GL2', 'D3A', 'C1A', 'NC3', 'PO4', 'C3B', 'GL1', 'C5A', 'C1B', 'C2A', 'C2B', 'C4B'}",set()
17,PGPC,PG,PC,"{'GL2', 'D3A', 'C1A', 'NC3', 'PO4', 'C3B', 'GL1', 'C5A', 'C4A', 'C2A', 'C1B', 'C2B', 'C4B'}","{'GL1', 'GL2', 'NC3', 'PO4'}","{'PO4', 'C2B', 'C1B', 'C2A', 'C4B'}","{'D3A', 'C1A', 'C3B', 'C5A', 'C4A'}"
18,PIPC,PI,PC,"{'GL2', 'D3A', 'C1A', 'NC3', 'PO4', 'C3B', 'GL1', 'D2A', 'C4A', 'C1B', 'C2B', 'C4B'}","{'GL1', 'GL2', 'NC3', 'PO4'}","{'GL2', 'D3A', 'C1A', 'C3B', 'GL1', 'D2A', 'C4A', 'C1B', 'C2B', 'C4B'}",set()
19,POPC,PO,PC,"{'GL2', 'C1A', 'NC3', 'PO4', 'C3B', 'GL1', 'D2A', 'C4A', 'C1B', 'C2B', 'C4B', 'C3A'}","{'GL1', 'GL2', 'NC3', 'PO4'}","{'C4B', 'C3B', 'C1B', 'C3A'}","{'C2B', 'C1A', 'D2A', 'C4A'}"
20,PRPC,PR,PC,"{'D4A', 'GL2', 'D3A', 'D6A', 'NC3', 'PO4', 'D5A', 'C3B', 'GL1', 'D2A', 'C1B', 'C2B', 'C4B', 'D1A'}","{'GL1', 'GL2', 'NC3', 'PO4'}","{'D4A', 'GL2', 'D3A', 'D6A', 'PO4', 'C3B', 'D5A', 'GL1', 'D2A', 'C1B', 'C2B', 'C4B', 'D1A'}",set()
21,PUPC,PU,PC,"{'D4A', 'GL2', 'D3A', 'NC3', 'PO4', 'D5A', 'C3B', 'GL1', 'D2A', 'C1B', 'C2B', 'C4B', 'D1A'}","{'GL1', 'GL2', 'NC3', 'PO4'}","{'D4A', 'GL2', 'D3A', 'C3B', 'D5A', 'GL1', 'D2A', 'C1B', 'C2B', 'C4B', 'D1A'}",set()
22,DAPE,DA,PE,"{'D4A', 'GL2', 'D3A', 'D2B', 'PO4', 'GL1', 'D4B', 'C5B', 'D2A', 'C5A', 'D3B', 'D1A', 'D1B', 'NH3'}","{'GL1', 'GL2', 'PO4', 'NH3'}","{'D4A', 'GL2', 'D3A', 'PO4', 'GL1', 'D4B', 'C5B', 'D2A', 'C5A', 'D3B', 'D1A', 'D1B', 'D2B'}",set()
23,DBPE,DB,PE,"{'GL2', 'C1A', 'PO4', 'C3B', 'GL1', 'C5B', 'C5A', 'C4A', 'C2A', 'C1B', 'C2B', 'C4B', 'NH3', 'C3A'}","{'GL1', 'GL2', 'PO4', 'NH3'}","{'PO4', 'C3B', 'C5B', 'C1B', 'C4A', 'C2A', 'C2B', 'C4B', 'C3A'}","{'C1A', 'C5A'}"
24,DFPE,DF,PE,"{'D4A', 'GL2', 'D3A', 'D2B', 'C1A', 'PO4', 'GL1', 'D4B', 'D2A', 'C1B', 'D3B', 'NH3'}","{'GL1', 'GL2', 'PO4', 'NH3'}","{'D4A', 'GL2', 'D3A', 'C1A', 'PO4', 'GL1', 'D4B', 'D2A', 'C1B', 'D3B', 'D2B'}",set()
25,DGPE,DG,PE,"{'GL2', 'D3A', 'C1A', 'PO4', 'GL1', 'C5B', 'C5A', 'C4A', 'C2A', 'C1B', 'C2B', 'D3B', 'C4B', 'NH3'}","{'GL1', 'GL2', 'PO4', 'NH3'}","{'GL2', 'D3A', 'C1A', 'PO4', 'GL1', 'C5B', 'C5A', 'C4A', 'C2A', 'C1B', 'C2B', 'D3B', 'C4B'}",set()
26,DIPE,DI,PE,"{'GL2', 'D3A', 'D2B', 'C1A', 'PO4', 'GL1', 'D2A', 'C4A', 'C1B', 'D3B', 'C4B', 'NH3'}","{'GL1', 'GL2', 'PO4', 'NH3'}","{'GL2', 'D3A', 'C1A', 'PO4', 'GL1', 'D2A', 'C4A', 'C1B', 'D3B', 'C4B', 'D2B'}",set()
27,DLPE,DL,PE,"{'GL2', 'C1A', 'PO4', 'C3B', 'GL1', 'C1B', 'C2B', 'C2A', 'NH3', 'C3A'}","{'GL1', 'GL2', 'PO4', 'NH3'}","{'GL2', 'C1A', 'PO4', 'C3B', 'GL1', 'C1B', 'C2B', 'C2A', 'C3A'}",set()
28,DNPE,DN,PE,"{'D4A', 'GL2', 'C6A', 'C6B', 'C1A', 'PO4', 'C3B', 'GL1', 'D4B', 'C5B', 'C5A', 'C1B', 'C2A', 'C2B', 'NH3', 'C3A'}","{'GL1', 'GL2', 'PO4', 'NH3'}","{'D4A', 'GL2', 'C6A', 'C6B', 'C1A', 'PO4', 'C3B', 'GL1', 'D4B', 'C5B', 'C5A', 'C1B', 'C2A', 'C2B', 'C3A'}",set()
29,DOPE,DO,PE,"{'GL2', 'D2B', 'C1A', 'PO4', 'C3B', 'GL1', 'D2A', 'C4A', 'C1B', 'C4B', 'NH3', 'C3A'}","{'GL1', 'GL2', 'PO4', 'NH3'}","{'GL2', 'C1A', 'PO4', 'C3B', 'GL1', 'D2A', 'C4A', 'C1B', 'C4B', 'D2B', 'C3A'}",set()
30,DPPE,DP,PE,"{'GL2', 'C1A', 'PO4', 'C3B', 'GL1', 'C1B', 'C4A', 'C2A', 'C2B', 'C4B', 'NH3', 'C3A'}","{'GL1', 'GL2', 'PO4', 'NH3'}","{'C3B', 'C2B', 'C1B', 'C2A', 'C4B', 'C3A'}","{'C1A', 'C4A'}"
31,DRPE,DR,PE,"{'D4A', 'GL2', 'D3A', 'D2B', 'D6B', 'D6A', 'D5B', 'PO4', 'D5A', 'GL1', 'D4B', 'D2A', 'D3B', 'D1A', 'D1B', 'NH3'}","{'GL1', 'GL2', 'PO4', 'NH3'}","{'D4A', 'GL2', 'D3A', 'D6B', 'D6A', 'D5B', 'PO4', 'D5A', 'GL1', 'D4B', 'D2A', 'D3B', 'D1A', 'D1B', 'D2B'}",set()
32,DTPE,DT,PE,"{'GL2', 'C1A', 'PO4', 'GL1', 'C1B', 'C2B', 'C2A', 'NH3'}","{'GL1', 'GL2', 'PO4', 'NH3'}","{'GL2', 'C1A', 'PO4', 'GL1', 'C1B', 'C2B', 'C2A'}",set()
33,DUPE,DU,PE,"{'D4A', 'GL2', 'D3A', 'D2B', 'D5B', 'PO4', 'D5A', 'GL1', 'D4B', 'D2A', 'D3B', 'D1A', 'D1B', 'NH3'}","{'GL1', 'GL2', 'PO4', 'NH3'}","{'D4A', 'GL2', 'D3A', 'D5B', 'PO4', 'D5A', 'GL1', 'D4B', 'D2A', 'D3B', 'D1A', 'D1B', 'D2B'}",set()
34,DVPE,DV,PE,"{'GL2', 'D3A', 'C1A', 'PO4', 'GL1', 'C1B', 'C4A', 'C2A', 'C2B', 'D3B', 'C4B', 'NH3'}","{'GL1', 'GL2', 'PO4', 'NH3'}","{'GL2', 'D3A', 'C1A', 'PO4', 'GL1', 'C1B', 'C4A', 'C2A', 'C2B', 'D3B', 'C4B'}",set()
35,DXPE,DX,PE,"{'GL2', 'C6A', 'C6B', 'C1A', 'PO4', 'C3B', 'GL1', 'C5B', 'C5A', 'C4A', 'C2A', 'C1B', 'C2B', 'C4B', 'NH3', 'C3A'}","{'GL1', 'GL2', 'PO4', 'NH3'}","{'C6B', 'C3B', 'C5B', 'C5A', 'C4A', 'C2A', 'C1B', 'C2B', 'C4B', 'C3A'}","{'C6A', 'C1A'}"
36,DYPE,DY,PE,"{'GL2', 'D2B', 'C1A', 'PO4', 'C3B', 'GL1', 'D2A', 'C1B', 'NH3', 'C3A'}","{'GL1', 'GL2', 'PO4', 'NH3'}","{'GL2', 'C1A', 'PO4', 'C3B', 'GL1', 'D2A', 'C1B', 'D2B', 'C3A'}",set()
37,LPPE,LP,PE,"{'GL2', 'C1A', 'PO4', 'C3B', 'GL1', 'C1B', 'C4A', 'C2A', 'C2B', 'NH3', 'C3A'}","{'GL1', 'GL2', 'PO4', 'NH3'}","{'GL2', 'PO4', 'C3B', 'GL1', 'C1B', 'C2B'}","{'C3A', 'C1A', 'C4A', 'C2A'}"
38,PAPE,PA,PE,"{'D4A', 'GL2', 'D3A', 'PO4', 'C3B', 'GL1', 'D2A', 'C5A', 'C1B', 'C2B', 'C4B', 'D1A', 'NH3'}","{'GL1', 'GL2', 'PO4', 'NH3'}","{'D4A', 'GL2', 'D3A', 'C3B', 'GL1', 'D2A', 'C5A', 'C1B', 'C2B', 'C4B', 'D1A'}",set()
39,PGPE,PG,PE,"{'GL2', 'D3A', 'C1A', 'PO4', 'C3B', 'GL1', 'C5A', 'C4A', 'C2A', 'C1B', 'C2B', 'C4B', 'NH3'}","{'GL1', 'GL2', 'PO4', 'NH3'}","{'PO4', 'C2B', 'C1B', 'C2A', 'C4B'}","{'D3A', 'C1A', 'C3B', 'C5A', 'C4A'}"
40,PIPE,PI,PE,"{'GL2', 'D3A', 'C1A', 'PO4', 'C3B', 'GL1', 'D2A', 'C4A', 'C1B', 'C2B', 'C4B', 'NH3'}","{'GL1', 'GL2', 'PO4', 'NH3'}","{'GL2', 'D3A', 'C1A', 'C3B', 'GL1', 'D2A', 'C4A', 'C1B', 'C2B', 'C4B'}",set()
41,POPE,PO,PE,"{'GL2', 'C1A', 'PO4', 'C3B', 'GL1', 'D2A', 'C4A', 'C1B', 'C2B', 'C4B', 'NH3', 'C3A'}","{'GL1', 'GL2', 'PO4', 'NH3'}","{'C4B', 'C3B', 'C1B', 'C3A'}","{'C2B', 'C1A', 'D2A', 'C4A'}"
42,PQPE,PQ,PE,"{'D4A', 'GL2', 'D3A', 'C1A', 'PO4', 'C3B', 'GL1', 'D2A', 'C5A', 'C1B', 'C2B', 'C4B', 'NH3'}","{'GL1', 'GL2', 'PO4', 'NH3'}","{'D4A', 'GL2', 'D3A', 'C1A', 'PO4', 'C3B', 'GL1', 'D2A', 'C5A', 'C1B', 'C2B', 'C4B'}",set()
43,PRPE,PR,PE,"{'D4A', 'GL2', 'D3A', 'D6A', 'PO4', 'C3B', 'D5A', 'GL1', 'D2A', 'C1B', 'C2B', 'C4B', 'D1A', 'NH3'}","{'GL1', 'GL2', 'PO4', 'NH3'}","{'D4A', 'GL2', 'D3A', 'D6A', 'PO4', 'C3B', 'D5A', 'GL1', 'D2A', 'C1B', 'C2B', 'C4B', 'D1A'}",set()
44,PUPE,PU,PE,"{'D4A', 'GL2', 'D3A', 'PO4', 'C3B', 'D5A', 'GL1', 'D2A', 'C1B', 'C2B', 'C4B', 'D1A', 'NH3'}","{'GL1', 'GL2', 'PO4', 'NH3'}","{'D4A', 'GL2', 'D3A', 'C3B', 'D5A', 'GL1', 'D2A', 'C1B', 'C2B', 'C4B', 'D1A'}",set()
45,DAPS,DA,PS,"{'D4A', 'GL2', 'D3A', 'PO4', 'GL1', 'D4B', 'C5B', 'CNO', 'D2A', 'C5A', 'D3B', 'D1A', 'D1B', 'D2B'}","{'GL1', 'GL2', 'PO4', 'CNO'}","{'D4A', 'GL2', 'D3A', 'PO4', 'GL1', 'D4B', 'C5B', 'D2A', 'C5A', 'D3B', 'D1A', 'D1B', 'D2B'}",set()
46,DBPS,DB,PS,"{'GL2', 'C1A', 'PO4', 'C3B', 'GL1', 'C5B', 'CNO', 'C5A', 'C4A', 'C2A', 'C1B', 'C2B', 'C4B', 'C3A'}","{'GL1', 'GL2', 'PO4', 'CNO'}","{'PO4', 'C3B', 'C5B', 'C1B', 'C4A', 'C2A', 'C2B', 'C4B', 'C3A'}","{'C1A', 'C5A'}"
47,DFPS,DF,PS,"{'D4A', 'GL2', 'D3A', 'C1A', 'PO4', 'GL1', 'D4B', 'CNO', 'D2A', 'C1B', 'D3B', 'D2B'}","{'GL1', 'GL2', 'PO4', 'CNO'}","{'D4A', 'GL2', 'D3A', 'C1A', 'PO4', 'GL1', 'D4B', 'D2A', 'C1B', 'D3B', 'D2B'}",set()
48,DGPS,DG,PS,"{'GL2', 'D3A', 'C1A', 'PO4', 'GL1', 'C5B', 'CNO', 'C5A', 'C4A', 'C2A', 'C1B', 'C2B', 'D3B', 'C4B'}","{'GL1', 'GL2', 'PO4', 'CNO'}","{'GL2', 'D3A', 'C1A', 'PO4', 'GL1', 'C5B', 'C5A', 'C4A', 'C2A', 'C1B', 'C2B', 'D3B', 'C4B'}",set()
49,DIPS,DI,PS,"{'GL2', 'D3A', 'C1A', 'PO4', 'GL1', 'CNO', 'D2A', 'C4A', 'C1B', 'D3B', 'C4B', 'D2B'}","{'GL1', 'GL2', 'PO4', 'CNO'}","{'GL2', 'D3A', 'C1A', 'PO4', 'GL1', 'D2A', 'C4A', 'C1B', 'D3B', 'C4B', 'D2B'}",set()
50,DLPS,DL,PS,"{'GL2', 'C1A', 'PO4', 'C3B', 'GL1', 'CNO', 'C1B', 'C2B', 'C2A', 'C3A'}","{'GL1', 'GL2', 'PO4', 'CNO'}","{'GL2', 'C1A', 'PO4', 'C3B', 'GL1', 'C1B', 'C2B', 'C2A', 'C3A'}",set()
51,DNPS,DN,PS,"{'D4A', 'GL2', 'C6A', 'C6B', 'C1A', 'PO4', 'C3B', 'GL1', 'D4B', 'C5B', 'CNO', 'C5A', 'C1B', 'C2A', 'C2B', 'C3A'}","{'GL1', 'GL2', 'PO4', 'CNO'}","{'D4A', 'GL2', 'C6A', 'C6B', 'C1A', 'PO4', 'C3B', 'GL1', 'D4B', 'C5B', 'C5A', 'C1B', 'C2A', 'C2B', 'C3A'}",set()
52,DOPS,DO,PS,"{'GL2', 'C1A', 'PO4', 'C3B', 'GL1', 'CNO', 'D2A', 'C4A', 'C1B', 'C4B', 'D2B', 'C3A'}","{'GL1', 'GL2', 'PO4', 'CNO'}","{'GL2', 'C1A', 'PO4', 'C3B', 'GL1', 'D2A', 'C4A', 'C1B', 'C4B', 'D2B', 'C3A'}",set()
53,DPPS,DP,PS,"{'GL2', 'C1A', 'PO4', 'C3B', 'GL1', 'CNO', 'C1B', 'C4A', 'C2A', 'C2B', 'C4B', 'C3A'}","{'GL1', 'GL2', 'PO4', 'CNO'}","{'C3B', 'C2B', 'C1B', 'C2A', 'C4B', 'C3A'}","{'C1A', 'C4A'}"
54,DRPS,DR,PS,"{'D4A', 'GL2', 'D3A', 'D6B', 'D6A', 'D5B', 'PO4', 'D5A', 'GL1', 'D4B', 'CNO', 'D2A', 'D3B', 'D1A', 'D1B', 'D2B'}","{'GL1', 'GL2', 'PO4', 'CNO'}","{'D4A', 'GL2', 'D3A', 'D6B', 'D6A', 'D5B', 'PO4', 'D5A', 'GL1', 'D4B', 'D2A', 'D3B', 'D1A', 'D1B', 'D2B'}",set()
55,DTPS,DT,PS,"{'GL2', 'C1A', 'PO4', 'GL1', 'CNO', 'C1B', 'C2B', 'C2A'}","{'GL1', 'GL2', 'PO4', 'CNO'}","{'GL2', 'C1A', 'PO4', 'GL1', 'C1B', 'C2B', 'C2A'}",set()
56,DUPS,DU,PS,"{'D4A', 'GL2', 'D3A', 'D5B', 'PO4', 'D5A', 'GL1', 'D4B', 'CNO', 'D2A', 'D3B', 'D1A', 'D1B', 'D2B'}","{'GL1', 'GL2', 'PO4', 'CNO'}","{'D4A', 'GL2', 'D3A', 'D5B', 'PO4', 'D5A', 'GL1', 'D4B', 'D2A', 'D3B', 'D1A', 'D1B', 'D2B'}",set()
57,DVPS,DV,PS,"{'GL2', 'D3A', 'C1A', 'PO4', 'GL1', 'CNO', 'C1B', 'C4A', 'C2A', 'C2B', 'D3B', 'C4B'}","{'GL1', 'GL2', 'PO4', 'CNO'}","{'GL2', 'D3A', 'C1A', 'PO4', 'GL1', 'C1B', 'C4A', 'C2A', 'C2B', 'D3B', 'C4B'}",set()
58,DXPS,DX,PS,"{'GL2', 'C6A', 'C6B', 'C1A', 'PO4', 'C3B', 'GL1', 'C5B', 'CNO', 'C5A', 'C4A', 'C2A', 'C1B', 'C2B', 'C4B', 'C3A'}","{'GL1', 'GL2', 'PO4', 'CNO'}","{'C6B', 'C3B', 'C5B', 'C5A', 'C4A', 'C2A', 'C1B', 'C2B', 'C4B', 'C3A'}","{'C6A', 'C1A'}"
59,DYPS,DY,PS,"{'GL2', 'C1A', 'PO4', 'C3B', 'GL1', 'CNO', 'D2A', 'C1B', 'D2B', 'C3A'}","{'GL1', 'GL2', 'PO4', 'CNO'}","{'GL2', 'C1A', 'PO4', 'C3B', 'GL1', 'D2A', 'C1B', 'D2B', 'C3A'}",set()
60,LPPS,LP,PS,"{'GL2', 'C1A', 'PO4', 'C3B', 'GL1', 'CNO', 'C1B', 'C4A', 'C2A', 'C2B', 'C3A'}","{'GL1', 'GL2', 'PO4', 'CNO'}","{'GL2', 'PO4', 'C3B', 'GL1', 'C1B', 'C2B'}","{'C3A', 'C1A', 'C4A', 'C2A'}"
61,PAPS,PA,PS,"{'D4A', 'GL2', 'D3A', 'PO4', 'C3B', 'GL1', 'CNO', 'D2A', 'C5A', 'C1B', 'C2B', 'C4B', 'D1A'}","{'GL1', 'GL2', 'PO4', 'CNO'}","{'D4A', 'GL2', 'D3A', 'C3B', 'GL1', 'D2A', 'C5A', 'C1B', 'C2B', 'C4B', 'D1A'}",set()
62,PGPS,PG,PS,"{'GL2', 'D3A', 'C1A', 'PO4', 'C3B', 'GL1', 'CNO', 'C5A', 'C4A', 'C2A', 'C1B', 'C2B', 'C4B'}","{'GL1', 'GL2', 'PO4', 'CNO'}","{'PO4', 'C2B', 'C1B', 'C2A', 'C4B'}","{'D3A', 'C1A', 'C3B', 'C5A', 'C4A'}"
63,PIPS,PI,PS,"{'GL2', 'D3A', 'C1A', 'PO4', 'C3B', 'GL1', 'CNO', 'D2A', 'C4A', 'C1B', 'C2B', 'C4B'}","{'GL1', 'GL2', 'PO4', 'CNO'}","{'GL2', 'D3A', 'C1A', 'C3B', 'GL1', 'D2A', 'C4A', 'C1B', 'C2B', 'C4B'}",set()
64,POPS,PO,PS,"{'GL2', 'C1A', 'PO4', 'C3B', 'GL1', 'CNO', 'D2A', 'C4A', 'C1B', 'C2B', 'C4B', 'C3A'}","{'GL1', 'GL2', 'PO4', 'CNO'}","{'C4B', 'C3B', 'C1B', 'C3A'}","{'C2B', 'C1A', 'D2A', 'C4A'}"
65,PQPS,PQ,PS,"{'D4A', 'GL2', 'D3A', 'C1A', 'PO4', 'C3B', 'GL1', 'CNO', 'D2A', 'C5A', 'C1B', 'C2B', 'C4B'}","{'GL1', 'GL2', 'PO4', 'CNO'}","{'D4A', 'GL2', 'D3A', 'C1A', 'PO4', 'C3B', 'GL1', 'D2A', 'C5A', 'C1B', 'C2B', 'C4B'}",set()
66,PRPS,PR,PS,"{'D4A', 'GL2', 'D3A', 'D6A', 'PO4', 'C3B', 'D5A', 'GL1', 'CNO', 'D2A', 'C1B', 'C2B', 'C4B', 'D1A'}","{'GL1', 'GL2', 'PO4', 'CNO'}","{'D4A', 'GL2', 'D3A', 'D6A', 'PO4', 'C3B', 'D5A', 'GL1', 'D2A', 'C1B', 'C2B', 'C4B', 'D1A'}",set()
67,PUPS,PU,PS,"{'D4A', 'GL2', 'D3A', 'PO4', 'C3B', 'D5A', 'GL1', 'CNO', 'D2A', 'C1B', 'C2B', 'C4B', 'D1A'}","{'GL1', 'GL2', 'PO4', 'CNO'}","{'D4A', 'GL2', 'D3A', 'C3B', 'D5A', 'GL1', 'D2A', 'C1B', 'C2B', 'C4B', 'D1A'}",set()
68,DAPG,DA,PG,"{'D4A', 'GL2', 'D3A', 'PO4', 'GL1', 'D4B', 'C5B', 'D2A', 'C5A', 'D3B', 'D1A', 'D1B', 'D2B', 'GL0'}","{'GL1', 'GL2', 'PO4', 'GL0'}","{'D4A', 'GL2', 'D3A', 'PO4', 'GL1', 'D4B', 'C5B', 'D2A', 'C5A', 'D3B', 'D1A', 'D1B', 'D2B'}",set()
69,DBPG,DB,PG,"{'GL2', 'C1A', 'PO4', 'C3B', 'GL1', 'C5B', 'C5A', 'C4A', 'C2A', 'C1B', 'C2B', 'C4B', 'GL0', 'C3A'}","{'GL1', 'GL2', 'PO4', 'GL0'}","{'PO4', 'C3B', 'C5B', 'C1B', 'C4A', 'C2A', 'C2B', 'C4B', 'C3A'}","{'C1A', 'C5A'}"
70,DFPG,DF,PG,"{'D4A', 'GL2', 'D3A', 'C1A', 'PO4', 'GL1', 'D4B', 'D2A', 'C1B', 'D3B', 'D2B', 'GL0'}","{'GL1', 'GL2', 'PO4', 'GL0'}","{'D4A', 'GL2', 'D3A', 'C1A', 'PO4', 'GL1', 'D4B', 'D2A', 'C1B', 'D3B', 'D2B'}",set()
71,DGPG,DG,PG,"{'GL2', 'D3A', 'C1A', 'PO4', 'GL1', 'C5B', 'C5A', 'C4A', 'C2A', 'C1B', 'C2B', 'D3B', 'C4B', 'GL0'}","{'GL1', 'GL2', 'PO4', 'GL0'}","{'GL2', 'D3A', 'C1A', 'PO4', 'GL1', 'C5B', 'C5A', 'C4A', 'C2A', 'C1B', 'C2B', 'D3B', 'C4B'}",set()
72,DIPG,DI,PG,"{'GL2', 'D3A', 'C1A', 'PO4', 'GL1', 'D2A', 'C4A', 'C1B', 'D3B', 'C4B', 'D2B', 'GL0'}","{'GL1', 'GL2', 'PO4', 'GL0'}","{'GL2', 'D3A', 'C1A', 'PO4', 'GL1', 'D2A', 'C4A', 'C1B', 'D3B', 'C4B', 'D2B'}",set()
73,DLPG,DL,PG,"{'GL2', 'C1A', 'PO4', 'C3B', 'GL1', 'C1B', 'C2B', 'C2A', 'GL0', 'C3A'}","{'GL1', 'GL2', 'PO4', 'GL0'}","{'GL2', 'C1A', 'PO4', 'C3B', 'GL1', 'C1B', 'C2B', 'C2A', 'C3A'}",set()
74,DNPG,DN,PG,"{'D4A', 'GL2', 'C6A', 'C6B', 'C1A', 'PO4', 'C3B', 'GL1', 'D4B', 'C5B', 'C5A', 'C1B', 'C2A', 'C2B', 'GL0', 'C3A'}","{'GL1', 'GL2', 'PO4', 'GL0'}","{'D4A', 'GL2', 'C6A', 'C6B', 'C1A', 'PO4', 'C3B', 'GL1', 'D4B', 'C5B', 'C5A', 'C1B', 'C2A', 'C2B', 'C3A'}",set()
75,DOPG,DO,PG,"{'GL2', 'C1A', 'PO4', 'C3B', 'GL1', 'D2A', 'C4A', 'C1B', 'C4B', 'D2B', 'GL0', 'C3A'}","{'GL1', 'GL2', 'PO4', 'GL0'}","{'GL2', 'C1A', 'PO4', 'C3B', 'GL1', 'D2A', 'C4A', 'C1B', 'C4B', 'D2B', 'C3A'}",set()
76,DPPG,DP,PG,"{'GL2', 'C1A', 'PO4', 'C3B', 'GL1', 'C1B', 'C4A', 'C2A', 'C2B', 'C4B', 'GL0', 'C3A'}","{'GL1', 'GL2', 'PO4', 'GL0'}","{'C3B', 'C2B', 'C1B', 'C2A', 'C4B', 'C3A'}","{'C1A', 'C4A'}"
77,DRPG,DR,PG,"{'D4A', 'GL2', 'D3A', 'D6B', 'D6A', 'D5B', 'PO4', 'D5A', 'GL1', 'D4B', 'D2A', 'D3B', 'D1A', 'D1B', 'D2B', 'GL0'}","{'GL1', 'GL2', 'PO4', 'GL0'}","{'D4A', 'GL2', 'D3A', 'D6B', 'D6A', 'D5B', 'PO4', 'D5A', 'GL1', 'D4B', 'D2A', 'D3B', 'D1A', 'D1B', 'D2B'}",set()
78,DTPG,DT,PG,"{'GL2', 'C1A', 'PO4', 'GL1', 'C1B', 'C2B', 'C2A', 'GL0'}","{'GL1', 'GL2', 'PO4', 'GL0'}","{'GL2', 'C1A', 'PO4', 'GL1', 'C1B', 'C2B', 'C2A'}",set()
79,DVPG,DV,PG,"{'GL2', 'D3A', 'C1A', 'PO4', 'GL1', 'C1B', 'C4A', 'C2A', 'C2B', 'D3B', 'C4B', 'GL0'}","{'GL1', 'GL2', 'PO4', 'GL0'}","{'GL2', 'D3A', 'C1A', 'PO4', 'GL1', 'C1B', 'C4A', 'C2A', 'C2B', 'D3B', 'C4B'}",set()
80,DXPG,DX,PG,"{'GL2', 'C6A', 'C6B', 'C1A', 'PO4', 'C3B', 'GL1', 'C5B', 'C5A', 'C4A', 'C2A', 'C1B', 'C2B', 'C4B', 'GL0', 'C3A'}","{'GL1', 'GL2', 'PO4', 'GL0'}","{'C6B', 'C3B', 'C5B', 'C5A', 'C4A', 'C2A', 'C1B', 'C2B', 'C4B', 'C3A'}","{'C6A', 'C1A'}"
81,DYPG,DY,PG,"{'GL2', 'C1A', 'PO4', 'C3B', 'GL1', 'D2A', 'C1B', 'D2B', 'GL0', 'C3A'}","{'GL1', 'GL2', 'PO4', 'GL0'}","{'GL2', 'C1A', 'PO4', 'C3B', 'GL1', 'D2A', 'C1B', 'D2B', 'C3A'}",set()
82,LPPG,LP,PG,"{'GL2', 'C1A', 'PO4', 'C3B', 'GL1', 'C1B', 'C4A', 'C2A', 'C2B', 'GL0', 'C3A'}","{'GL1', 'GL2', 'PO4', 'GL0'}","{'GL2', 'PO4', 'C3B', 'GL1', 'C1B', 'C2B'}","{'C3A', 'C1A', 'C4A', 'C2A'}"
83,PAPG,PA,PG,"{'D4A', 'GL2', 'D3A', 'PO4', 'C3B', 'GL1', 'D2A', 'C5A', 'C1B', 'C2B', 'C4B', 'D1A', 'GL0'}","{'GL1', 'GL2', 'PO4', 'GL0'}","{'D4A', 'GL2', 'D3A', 'C3B', 'GL1', 'D2A', 'C5A', 'C1B', 'C2B', 'C4B', 'D1A'}",set()
84,PGPG,PG,PG,"{'GL2', 'D3A', 'C1A', 'PO4', 'C3B', 'GL1', 'C5A', 'C4A', 'C2A', 'C1B', 'C2B', 'C4B', 'GL0'}","{'GL1', 'GL2', 'PO4', 'GL0'}","{'PO4', 'C2B', 'C1B', 'C2A', 'C4B'}","{'D3A', 'C1A', 'C3B', 'C5A', 'C4A'}"
85,PIPG,PI,PG,"{'GL2', 'D3A', 'C1A', 'PO4', 'C3B', 'GL1', 'D2A', 'C4A', 'C1B', 'C2B', 'C4B', 'GL0'}","{'GL1', 'GL2', 'PO4', 'GL0'}","{'GL2', 'D3A', 'C1A', 'C3B', 'GL1', 'D2A', 'C4A', 'C1B', 'C2B', 'C4B'}",set()
86,POPG,PO,PG,"{'GL2', 'C1A', 'PO4', 'C3B', 'GL1', 'D2A', 'C4A', 'C1B', 'C2B', 'C4B', 'GL0', 'C3A'}","{'GL1', 'GL2', 'PO4', 'GL0'}","{'C4B', 'C3B', 'C1B', 'C3A'}","{'C2B', 'C1A', 'D2A', 'C4A'}"
87,PRPG,PR,PG,"{'D4A', 'GL2', 'D3A', 'D6A', 'PO4', 'C3B', 'D5A', 'GL1', 'D2A', 'C1B', 'C2B', 'C4B', 'D1A', 'GL0'}","{'GL1', 'GL2', 'PO4', 'GL0'}","{'D4A', 'GL2', 'D3A', 'D6A', 'PO4', 'C3B', 'D5A', 'GL1', 'D2A', 'C1B', 'C2B', 'C4B', 'D1A'}",set()
88,DAPA,DA,PA,"{'D4A', 'GL2', 'D3A', 'PO4', 'GL1', 'D4B', 'C5B', 'D2A', 'C5A', 'D3B', 'D1A', 'D1B', 'D2B'}","{'GL1', 'GL2', 'PO4'}","{'D4A', 'GL2', 'D3A', 'PO4', 'GL1', 'D4B', 'C5B', 'D2A', 'C5A', 'D3B', 'D1A', 'D1B', 'D2B'}",set()
89,DBPA,DB,PA,"{'GL2', 'C1A', 'PO4', 'C3B', 'GL1', 'C5B', 'C5A', 'C4A', 'C2A', 'C1B', 'C2B', 'C4B', 'C3A'}","{'GL1', 'GL2', 'PO4'}","{'PO4', 'C3B', 'C5B', 'C1B', 'C4A', 'C2A', 'C2B', 'C4B', 'C3A'}","{'C1A', 'C5A'}"
90,DFPA,DF,PA,"{'D4A', 'GL2', 'D3A', 'C1A', 'PO4', 'GL1', 'D4B', 'D2A', 'C1B', 'D3B', 'D2B'}","{'GL1', 'GL2', 'PO4'}","{'D4A', 'GL2', 'D3A', 'C1A', 'PO4', 'GL1', 'D4B', 'D2A', 'C1B', 'D3B', 'D2B'}",set()
91,DGPA,DG,PA,"{'GL2', 'D3A', 'C1A', 'PO4', 'GL1', 'C5B', 'C5A', 'C4A', 'C2A', 'C1B', 'C2B', 'D3B', 'C4B'}","{'GL1', 'GL2', 'PO4'}","{'GL2', 'D3A', 'C1A', 'PO4', 'GL1', 'C5B', 'C5A', 'C4A', 'C2A', 'C1B', 'C2B', 'D3B', 'C4B'}",set()
92,DIPA,DI,PA,"{'GL2', 'D3A', 'C1A', 'PO4', 'GL1', 'D2A', 'C4A', 'C1B', 'D3B', 'C4B', 'D2B'}","{'GL1', 'GL2', 'PO4'}","{'GL2', 'D3A', 'C1A', 'PO4', 'GL1', 'D2A', 'C4A', 'C1B', 'D3B', 'C4B', 'D2B'}",set()
93,DLPA,DL,PA,"{'GL2', 'C1A', 'PO4', 'C3B', 'GL1', 'C1B', 'C2B', 'C2A', 'C3A'}","{'GL1', 'GL2', 'PO4'}","{'GL2', 'C1A', 'PO4', 'C3B', 'GL1', 'C1B', 'C2B', 'C2A', 'C3A'}",set()
94,DNPA,DN,PA,"{'D4A', 'GL2', 'C6A', 'C6B', 'C1A', 'PO4', 'C3B', 'GL1', 'D4B', 'C5B', 'C5A', 'C1B', 'C2A', 'C2B', 'C3A'}","{'GL1', 'GL2', 'PO4'}","{'D4A', 'GL2', 'C6A', 'C6B', 'C1A', 'PO4', 'C3B', 'GL1', 'D4B', 'C5B', 'C5A', 'C1B', 'C2A', 'C2B', 'C3A'}",set()
95,DOPA,DO,PA,"{'GL2', 'C1A', 'PO4', 'C3B', 'GL1', 'D2A', 'C4A', 'C1B', 'C4B', 'D2B', 'C3A'}","{'GL1', 'GL2', 'PO4'}","{'GL2', 'C1A', 'PO4', 'C3B', 'GL1', 'D2A', 'C4A', 'C1B', 'C4B', 'D2B', 'C3A'}",set()
96,DPPA,DP,PA,"{'GL2', 'C1A', 'PO4', 'C3B', 'GL1', 'C1B', 'C4A', 'C2A', 'C2B', 'C4B', 'C3A'}","{'GL1', 'GL2', 'PO4'}","{'C3B', 'C2B', 'C1B', 'C2A', 'C4B', 'C3A'}","{'C1A', 'C4A'}"
97,DRPA,DR,PA,"{'D4A', 'GL2', 'D3A', 'D6B', 'D6A', 'D5B', 'PO4', 'D5A', 'GL1', 'D4B', 'D2A', 'D3B', 'D1A', 'D1B', 'D2B'}","{'GL1', 'GL2', 'PO4'}","{'D4A', 'GL2', 'D3A', 'D6B', 'D6A', 'D5B', 'PO4', 'D5A', 'GL1', 'D4B', 'D2A', 'D3B', 'D1A', 'D1B', 'D2B'}",set()
98,DTPA,DT,PA,"{'GL2', 'C1A', 'PO4', 'GL1', 'C1B', 'C2B', 'C2A'}","{'GL1', 'GL2', 'PO4'}","{'GL2', 'C1A', 'PO4', 'GL1', 'C1B', 'C2B', 'C2A'}",set()
99,DVPA,DV,PA,"{'GL2', 'D3A', 'C1A', 'PO4', 'GL1', 'C1B', 'C4A', 'C2A', 'C2B', 'D3B', 'C4B'}","{'GL1', 'GL2', 'PO4'}","{'GL2', 'D3A', 'C1A', 'PO4', 'GL1', 'C1B', 'C4A', 'C2A', 'C2B', 'D3B', 'C4B'}",set()
100,DXPA,DX,PA,"{'GL2', 'C6A', 'C6B', 'C1A', 'PO4', 'C3B', 'GL1', 'C5B', 'C5A', 'C4A', 'C2A', 'C1B', 'C2B', 'C4B', 'C3A'}","{'GL1', 'GL2', 'PO4'}","{'C6B', 'C3B', 'C5B', 'C5A', 'C4A', 'C2A', 'C1B', 'C2B', 'C4B', 'C3A'}","{'C6A', 'C1A'}"
101,DYPA,DY,PA,"{'GL2', 'C1A', 'PO4', 'C3B', 'GL1', 'D2A', 'C1B', 'D2B', 'C3A'}","{'GL1', 'GL2', 'PO4'}","{'GL2', 'C1A', 'PO4', 'C3B', 'GL1', 'D2A', 'C1B', 'D2B', 'C3A'}",set()
102,LPPA,LP,PA,"{'GL2', 'C1A', 'PO4', 'C3B', 'GL1', 'C1B', 'C4A', 'C2A', 'C2B', 'C3A'}","{'GL1', 'GL2', 'PO4'}","{'GL2', 'PO4', 'C3B', 'GL1', 'C1B', 'C2B'}","{'C3A', 'C1A', 'C4A', 'C2A'}"
103,PAPA,PA,PA,"{'D4A', 'GL2', 'D3A', 'PO4', 'C3B', 'GL1', 'D2A', 'C5A', 'C1B', 'C2B', 'C4B', 'D1A'}","{'GL1', 'GL2', 'PO4'}","{'D4A', 'GL2', 'D3A', 'C3B', 'GL1', 'D2A', 'C5A', 'C1B', 'C2B', 'C4B', 'D1A'}",set()
104,PGPA,PG,PA,"{'GL2', 'D3A', 'C1A', 'PO4', 'C3B', 'GL1', 'C5A', 'C4A', 'C2A', 'C1B', 'C2B', 'C4B'}","{'GL1', 'GL2', 'PO4'}","{'PO4', 'C2B', 'C1B', 'C2A', 'C4B'}","{'D3A', 'C1A', 'C3B', 'C5A', 'C4A'}"
105,PIPA,PI,PA,"{'GL2', 'D3A', 'C1A', 'PO4', 'C3B', 'GL1', 'D2A', 'C4A', 'C1B', 'C2B', 'C4B'}","{'GL1', 'GL2', 'PO4'}","{'GL2', 'D3A', 'C1A', 'C3B', 'GL1', 'D2A', 'C4A', 'C1B', 'C2B', 'C4B'}",set()
106,POPA,PO,PA,"{'GL2', 'C1A', 'PO4', 'C3B', 'GL1', 'D2A', 'C4A', 'C1B', 'C2B', 'C4B', 'C3A'}","{'GL1', 'GL2', 'PO4'}","{'C4B', 'C3B', 'C1B', 'C3A'}","{'C2B', 'C1A', 'D2A', 'C4A'}"
107,PRPA,PR,PA,"{'D4A', 'GL2', 'D3A', 'D6A', 'PO4', 'C3B', 'D5A', 'GL1', 'D2A', 'C1B', 'C2B', 'C4B', 'D1A'}","{'GL1', 'GL2', 'PO4'}","{'D4A', 'GL2', 'D3A', 'D6A', 'PO4', 'C3B', 'D5A', 'GL1', 'D2A', 'C1B', 'C2B', 'C4B', 'D1A'}",set()
108,PUPA,PU,PA,"{'D4A', 'GL2', 'D3A', 'PO4', 'C3B', 'D5A', 'GL1', 'D2A', 'C1B', 'C2B', 'C4B', 'D1A'}","{'GL1', 'GL2', 'PO4'}","{'D4A', 'GL2', 'D3A', 'C3B', 'D5A', 'GL1', 'D2A', 'C1B', 'C2B', 'C4B', 'D1A'}",set()
109,DPP1,DP,P1,"{'C2', 'GL2', 'P1', 'C3', 'C1A', 'PO4', 'C3B', 'GL1', 'C1B', 'C4A', 'C2A', 'C2B', 'C4B', 'C1', 'C3A'}","{'GL2', 'C2', 'P1', 'C1A', 'C3', 'PO4', 'C3B', 'GL1', 'C1B', 'C4A', 'C2B', 'C4B', 'C1'}","{'C3B', 'C2B', 'C1B', 'C2A', 'C4B', 'C3A'}",set()
110,DPP2,DP,P2,"{'C2', 'GL2', 'P1', 'C3', 'C1A', 'PO4', 'C3B', 'GL1', 'C1B', 'C4A', 'C2A', 'C2B', 'C4B', 'C1', 'P2', 'C3A'}","{'GL2', 'C2', 'P1', 'C1A', 'C3', 'PO4', 'C3B', 'GL1', 'C1B', 'C4A', 'C2B', 'C4B', 'C1', 'P2'}","{'C3B', 'C2B', 'C1B', 'C2A', 'C4B', 'C3A'}",set()
111,DPPI,DP,PI,"{'C2', 'GL2', 'C3', 'C1A', 'PO4', 'C3B', 'GL1', 'C1B', 'C4A', 'C2A', 'C2B', 'C4B', 'C1', 'C3A'}","{'GL2', 'C2', 'C3', 'PO4', 'C3B', 'GL1', 'C1B', 'C2B', 'C4B', 'C1'}","{'C3B', 'C2B', 'C1B', 'C2A', 'C4B', 'C3A'}","{'C1A', 'C4A'}"
112,PAPI,PA,PI,"{'D4A', 'C2', 'GL2', 'D3A', 'C3', 'PO4', 'C3B', 'GL1', 'D1A', 'D2A', 'C5A', 'C1B', 'C2B', 'C1', 'C4B'}","{'GL2', 'C2', 'C3', 'PO4', 'C3B', 'GL1', 'C1B', 'C2B', 'C4B', 'C1'}","{'D4A', 'GL2', 'D3A', 'C3B', 'GL1', 'D2A', 'C5A', 'C1B', 'C2B', 'C4B', 'D1A'}",set()
113,PIPI,PI,PI,"{'C2', 'GL2', 'D3A', 'C3', 'C1A', 'PO4', 'C3B', 'GL1', 'D2A', 'C4A', 'C1B', 'C2B', 'C4B', 'C1'}","{'GL2', 'C2', 'C3', 'PO4', 'C3B', 'GL1', 'C1B', 'C2B', 'C4B', 'C1'}","{'GL2', 'D3A', 'C1A', 'C3B', 'GL1', 'D2A', 'C4A', 'C1B', 'C2B', 'C4B'}",set()
114,POP1,PO,P1,"{'C2', 'GL2', 'P1', 'C3', 'C1A', 'PO4', 'C3B', 'GL1', 'D2A', 'C4A', 'C1B', 'C2B', 'C4B', 'C1', 'C3A'}","{'GL2', 'C2', 'P1', 'C1A', 'C3', 'PO4', 'C3B', 'GL1', 'C1B', 'C4A', 'C2B', 'C4B', 'C1'}","{'C4B', 'C3B', 'C1B', 'C3A'}",{'D2A'}
115,POP2,PO,P2,"{'C2', 'GL2', 'P1', 'C3', 'C1A', 'PO4', 'C3B', 'GL1', 'D2A', 'C4A', 'C1B', 'C2B', 'C4B', 'C1', 'P2', 'C3A'}","{'GL2', 'C2', 'P1', 'C1A', 'C3', 'PO4', 'C3B', 'GL1', 'C1B', 'C4A', 'C2B', 'C4B', 'C1', 'P2'}","{'C4B', 'C3B', 'C1B', 'C3A'}",{'D2A'}
116,POP3,PO,P3,"{'C2', 'GL2', 'P1', 'C3', 'C1A', 'PO4', 'P3', 'C3B', 'GL1', 'D2A', 'C4A', 'C1B', 'C2B', 'C4B', 'C1', 'P2', 'C3A'}","{'GL2', 'C2', 'P1', 'C1A', 'C3', 'PO4', 'P3', 'C3B', 'GL1', 'C1B', 'C4A', 'C2B', 'C4B', 'C1', 'P2'}","{'C4B', 'C3B', 'C1B', 'C3A'}",{'D2A'}
117,POPI,PO,PI,"{'C2', 'GL2', 'C3', 'C1A', 'PO4', 'C3B', 'GL1', 'D2A', 'C4A', 'C1B', 'C2B', 'C4B', 'C1', 'C3A'}","{'GL2', 'C2', 'C3', 'PO4', 'C3B', 'GL1', 'C1B', 'C2B', 'C4B', 'C1'}","{'C4B', 'C3B', 'C1B', 'C3A'}","{'C1A', 'D2A', 'C4A'}"
118,PUPI,PU,PI,"{'D4A', 'C2', 'GL2', 'D3A', 'C3', 'PO4', 'C3B', 'D5A', 'GL1', 'D1A', 'D2A', 'C1B', 'C2B', 'C4B', 'C1'}","{'GL2', 'C2', 'C3', 'PO4', 'C3B', 'GL1', 'C1B', 'C2B', 'C4B', 'C1'}","{'D4A', 'GL2', 'D3A', 'C3B', 'D5A', 'GL1', 'D2A', 'C1B', 'C2B', 'C4B', 'D1A'}",set()
119,PVP1,PV,P1,"{'C2', 'GL2', 'P1', 'C3', 'C1A', 'D3A', 'PO4', 'C3B', 'GL1', 'C1B', 'C4A', 'C2A', 'C2B', 'C4B', 'C1'}","{'GL2', 'C2', 'P1', 'C1A', 'C3', 'PO4', 'C3B', 'GL1', 'C1B', 'C4A', 'C2B', 'C4B', 'C1'}","{'C4B', 'C2B', 'C1B', 'C2A'}",{'D3A'}
120,PVP2,PV,P2,"{'C2', 'GL2', 'P1', 'C3', 'C1A', 'D3A', 'PO4', 'C3B', 'GL1', 'C1B', 'C4A', 'C2A', 'C2B', 'C4B', 'C1', 'P2'}","{'GL2', 'C2', 'P1', 'C1A', 'C3', 'PO4', 'C3B', 'GL1', 'C1B', 'C4A', 'C2B', 'C4B', 'C1', 'P2'}","{'C4B', 'C2B', 'C1B', 'C2A'}",{'D3A'}
121,PVP3,PV,P3,"{'C2', 'GL2', 'P1', 'C3', 'C1A', 'D3A', 'PO4', 'P3', 'C3B', 'GL1', 'C1B', 'C4A', 'C2A', 'C2B', 'C4B', 'C1', 'P2'}","{'GL2', 'C2', 'P1', 'C1A', 'C3', 'PO4', 'P3', 'C3B', 'GL1', 'C1B', 'C4A', 'C2B', 'C4B', 'C1', 'P2'}","{'C4B', 'C2B', 'C1B', 'C2A'}",{'D3A'}
122,PVPI,PV,PI,"{'C2', 'GL2', 'D3A', 'C3', 'C1A', 'PO4', 'C3B', 'GL1', 'C1B', 'C4A', 'C2A', 'C2B', 'C4B', 'C1'}","{'GL2', 'C2', 'C3', 'PO4', 'C3B', 'GL1', 'C1B', 'C2B', 'C4B', 'C1'}","{'C4B', 'C2B', 'C1B', 'C2A'}","{'D3A', 'C1A', 'C4A'}"
123,PADG,PA,DG,"{'D4A', 'GL2', 'D3A', 'C3B', 'GL1', 'D2A', 'C5A', 'C1B', 'C2B', 'C4B', 'D1A'}","{'GL2', 'C3B', 'GL1', 'C2B', 'C1B', 'C4B'}","{'D4A', 'GL2', 'D3A', 'C3B', 'GL1', 'D2A', 'C5A', 'C1B', 'C2B', 'C4B', 'D1A'}",set()
124,PIDG,PI,DG,"{'GL2', 'D3A', 'C1A', 'C3B', 'GL1', 'D2A', 'C4A', 'C1B', 'C2B', 'C4B'}","{'GL2', 'C3B', 'GL1', 'C2B', 'C1B', 'C4B'}","{'GL2', 'D3A', 'C1A', 'C3B', 'GL1', 'D2A', 'C4A', 'C1B', 'C2B', 'C4B'}",set()
125,PODG,PO,DG,"{'GL2', 'C1A', 'C3B', 'GL1', 'D2A', 'C4A', 'C1B', 'C2B', 'C4B', 'C3A'}","{'GL2', 'C3B', 'GL1', 'C2B', 'C1B', 'C4B'}","{'C4B', 'C3B', 'C1B', 'C3A'}","{'C1A', 'D2A', 'C4A'}"
126,PUDG,PU,DG,"{'D4A', 'GL2', 'D3A', 'C3B', 'D5A', 'GL1', 'D2A', 'C1B', 'C2B', 'C4B', 'D1A'}","{'GL2', 'C3B', 'GL1', 'C2B', 'C1B', 'C4B'}","{'D4A', 'GL2', 'D3A', 'C3B', 'D5A', 'GL1', 'D2A', 'C1B', 'C2B', 'C4B', 'D1A'}",set()
127,PVDG,PV,DG,"{'GL2', 'D3A', 'C1A', 'C3B', 'GL1', 'C1B', 'C4A', 'C2A', 'C2B', 'C4B'}","{'GL2', 'C3B', 'GL1', 'C2B', 'C1B', 'C4B'}","{'C4B', 'C2B', 'C1B', 'C2A'}","{'D3A', 'C1A', 'C4A'}"
128,BNSM,BN,SM,"{'C6B', 'T1A', 'NC3', 'PO4', 'C3B', 'AM2', 'AM1', 'D4B', 'C5B', 'C1B', 'C4A', 'C2A', 'C2B', 'C3A'}","{'T1A', 'NC3', 'PO4', 'AM1', 'AM2', 'C1B', 'C2A', 'C3A'}","{'C6B', 'T1A', 'NC3', 'PO4', 'C3B', 'AM2', 'AM1', 'D4B', 'C5B', 'C1B', 'C4A', 'C2A', 'C2B', 'C3A'}",set()
129,DBSM,DB,SM,"{'T1A', 'NC3', 'PO4', 'C3B', 'AM2', 'AM1', 'C5B', 'C1B', 'C4A', 'C2A', 'C2B', 'C4B', 'C3A'}","{'T1A', 'NC3', 'PO4', 'AM1', 'AM2', 'C1B', 'C2A', 'C3A'}","{'PO4', 'C3B', 'C5B', 'C1B', 'C4A', 'C2A', 'C2B', 'C4B', 'C3A'}",set()
130,DPSM,DP,SM,"{'T1A', 'NC3', 'PO4', 'C3B', 'AM2', 'AM1', 'C1B', 'C2B', 'C2A', 'C4B', 'C3A'}","{'T1A', 'NC3', 'PO4', 'AM1', 'AM2', 'C1B', 'C2A', 'C3A'}","{'C3B', 'C2B', 'C1B', 'C2A', 'C4B', 'C3A'}",set()
131,DXSM,DX,SM,"{'C6B', 'T1A', 'NC3', 'PO4', 'C3B', 'AM2', 'AM1', 'C5B', 'C5A', 'C4A', 'C2A', 'C1B', 'C2B', 'C4B', 'C3A'}","{'T1A', 'NC3', 'PO4', 'AM1', 'AM2', 'C1B', 'C2A', 'C3A'}","{'C6B', 'C3B', 'C5B', 'C5A', 'C4A', 'C2A', 'C1B', 'C2B', 'C4B', 'C3A'}",set()
132,PGSM,PG,SM,"{'T1A', 'NC3', 'PO4', 'AM2', 'AM1', 'C5B', 'C1B', 'C2B', 'C2A', 'D3B', 'C4B', 'C3A'}","{'T1A', 'NC3', 'PO4', 'AM1', 'AM2', 'C1B', 'C2A', 'C3A'}","{'PO4', 'C2B', 'C1B', 'C2A', 'C4B'}","{'C5B', 'D3B'}"
133,PNSM,PN,SM,"{'C6B', 'T1A', 'NC3', 'PO4', 'C3B', 'AM2', 'AM1', 'D4B', 'C5B', 'C1B', 'C2B', 'C2A', 'C3A'}","{'T1A', 'NC3', 'PO4', 'AM1', 'AM2', 'C1B', 'C2A', 'C3A'}","{'C6B', 'T1A', 'C3B', 'AM1', 'AM2', 'D4B', 'C5B', 'C1B', 'C2B', 'C2A', 'C3A'}",set()
134,POSM,PO,SM,"{'T1A', 'NC3', 'PO4', 'C3B', 'AM2', 'AM1', 'C1B', 'C2A', 'C4B', 'D2B', 'C3A'}","{'T1A', 'NC3', 'PO4', 'AM1', 'AM2', 'C1B', 'C2A', 'C3A'}","{'C4B', 'C3B', 'C1B', 'C3A'}",{'D2B'}
135,PVSM,PV,SM,"{'T1A', 'NC3', 'PO4', 'AM2', 'AM1', 'C1B', 'C2B', 'C2A', 'D3B', 'C4B', 'C3A'}","{'T1A', 'NC3', 'PO4', 'AM1', 'AM2', 'C1B', 'C2A', 'C3A'}","{'C4B', 'C2B', 'C1B', 'C2A'}",{'D3B'}
136,XNSM,XN,SM,"{'C6B', 'T1A', 'NC3', 'PO4', 'C3B', 'AM2', 'AM1', 'D4B', 'C5B', 'C5A', 'C4A', 'C2A', 'C1B', 'C2B', 'C3A'}","{'T1A', 'NC3', 'PO4', 'AM1', 'AM2', 'C1B', 'C2A', 'C3A'}","{'C6B', 'T1A', 'C3B', 'AM1', 'AM2', 'D4B', 'C5B', 'C5A', 'C4A', 'C2A', 'C1B', 'C2B', 'C3A'}",set()
137,DPCE,DP,CE,"{'T1A', 'C3B', 'AM2', 'AM1', 'C1B', 'C2B', 'C2A', 'C4B', 'C3A'}","{'T1A', 'C3B', 'AM1', 'AM2', 'C1B', 'C2B', 'C2A', 'C3A'}","{'C3B', 'C2B', 'C1B', 'C2A', 'C4B', 'C3A'}",set()
138,DXCE,DX,CE,"{'C6B', 'T1A', 'C3B', 'AM2', 'AM1', 'C5B', 'C5A', 'C4A', 'C2A', 'C1B', 'C2B', 'C4B', 'C3A'}","{'T1A', 'C3B', 'AM1', 'AM2', 'C1B', 'C2B', 'C2A', 'C3A'}","{'C6B', 'C3B', 'C5B', 'C5A', 'C4A', 'C2A', 'C1B', 'C2B', 'C4B', 'C3A'}",set()
139,PNCE,PN,CE,"{'C6B', 'T1A', 'C3B', 'AM2', 'AM1', 'D4B', 'C5B', 'C1B', 'C2B', 'C2A', 'C3A'}","{'T1A', 'C3B', 'AM1', 'AM2', 'C1B', 'C2B', 'C2A', 'C3A'}","{'C6B', 'T1A', 'C3B', 'AM1', 'AM2', 'D4B', 'C5B', 'C1B', 'C2B', 'C2A', 'C3A'}",set()
140,XNCE,XN,CE,"{'C6B', 'T1A', 'C3B', 'AM2', 'AM1', 'D4B', 'C5B', 'C5A', 'C4A', 'C2A', 'C1B', 'C2B', 'C3A'}","{'T1A', 'C3B', 'AM1', 'AM2', 'C1B', 'C2B', 'C2A', 'C3A'}","{'C6B', 'T1A', 'C3B', 'AM1', 'AM2', 'D4B', 'C5B', 'C5A', 'C4A', 'C2A', 'C1B', 'C2B', 'C3A'}",set()
